"STATION","NAME","DATE","PRCP","SNOW","SNWD","TAVG","TMAX","TMIN"
"USW00094728","NY CITY CENTRAL PARK, NY US","2015-01-01","0.00","0.0","0.0",,"39","27"
"USW00094728","NY CITY CENTRAL PARK, NY US","2015-01-02","0.00","0.0","0.0",,"42","35"
"USW00094728","NY CITY CENTRAL PARK, NY US","2015-01-03","0.71","0.0","0.0",,"42","33"
"USW00094728","NY CITY CENTRAL PARK, NY US","2015-01-04","0.30","0.0","0.0",,"56","41"
"USW00094728","NY CITY CENTRAL PARK, NY US","2015-01-05","0.00","0.0","0.0",,"49","21"
"USW00094728","NY CITY CENTRAL PARK, NY US","2015-01-06","0.05","1.0","0.0",,"22","19"
"USW00094728","NY CITY CENTRAL PARK, NY US","2015-01-07","0.00","0.0","1.2",,"23","9"
"USW00094728","NY CITY CENTRAL PARK, NY US","2015-01-08","0.00","0.0","0.0",,"21","8"
"USW00094728","NY CITY CENTRAL PARK, NY US","2015-01-09","0.07","1.5","0.0",,"33","19"
"USW00094728","NY CITY CENTRAL PARK, NY US","2015-01-10","0.00","0.0","1.2",,"23","16"
"USW00094728","NY CITY CENTRAL PARK, NY US","2015-01-11","0.00","0.0","1.2",,"37","18"
"USW00094728","NY CITY CENTRAL PARK, NY US","2015-01-12","0.36","0.0","0.0",,"39","35"
"USW00094728","NY CITY CENTRAL PARK, NY US","2015-01-13","0.00","0.0","0.0",,"36","17"
"USW00094728","NY CITY CENTRAL PARK, NY US","2015-01-14","0.00","0.0","0.0",,"32","16"
"USW00094728","NY CITY CENTRAL PARK, NY US","2015-01-15","0.00","0.0","0.0",,"35","25"
"USW00094728","NY CITY CENTRAL PARK, NY US","2015-01-16","0.00","0.0","0.0",,"43","20"
"USW00094728","NY CITY CENTRAL PARK, NY US","2015-01-17","0.00","0.0","0.0",,"32","17"
"USW00094728","NY CITY CENTRAL PARK, NY US","2015-01-18","2.10","0.0","0.0",,"42","31"
"USW00094728","NY CITY CENTRAL PARK, NY US","2015-01-19","0.00","0.0","0.0",,"42","36"
"USW00094728","NY CITY CENTRAL PARK, NY US","2015-01-20","0.00","0.0","0.0",,"40","32"
"USW00094728","NY CITY CENTRAL PARK, NY US","2015-01-21","0.00","0.0","0.0",,"36","25"
"USW00094728","NY CITY CENTRAL PARK, NY US","2015-01-22","0.00","0.0","0.0",,"40","31"
"USW00094728","NY CITY CENTRAL PARK, NY US","2015-01-23","0.00","0.0","0.0",,"39","28"
"USW00094728","NY CITY CENTRAL PARK, NY US","2015-01-24","0.72","3.6","3.1",,"39","33"
"USW00094728","NY CITY CENTRAL PARK, NY US","2015-01-25","0.00","0.0","2.0",,"42","31"
"USW00094728","NY CITY CENTRAL PARK, NY US","2015-01-26","0.48","5.5","2.0",,"31","22"
"USW00094728","NY CITY CENTRAL PARK, NY US","2015-01-27","0.36","4.3","7.9",,"30","20"
"USW00094728","NY CITY CENTRAL PARK, NY US","2015-01-28","0.00","0.0","7.9",,"34","16"
"USW00094728","NY CITY CENTRAL PARK, NY US","2015-01-29","0.02","0.0","5.9",,"36","19"
"USW00094728","NY CITY CENTRAL PARK, NY US","2015-01-30","0.06","1.0","7.1",,"38","19"
"USW00094728","NY CITY CENTRAL PARK, NY US","2015-01-31","0.00","0.0","7.1",,"26","13"
"USW00094728","NY CITY CENTRAL PARK, NY US","2015-02-01","0.03","0.3","5.9",,"36","20"
"USW00094728","NY CITY CENTRAL PARK, NY US","2015-02-02","1.02","5.0","7.1",,"34","14"
"USW00094728","NY CITY CENTRAL PARK, NY US","2015-02-03","0.00","0.0","7.9",,"26","13"
"USW00094728","NY CITY CENTRAL PARK, NY US","2015-02-04","0.00","0.0","7.9",,"43","24"
"USW00094728","NY CITY CENTRAL PARK, NY US","2015-02-05","0.00","0.0","7.9",,"42","14"
"USW00094728","NY CITY CENTRAL PARK, NY US","2015-02-06","0.00","0.0","7.9",,"27","12"
"USW00094728","NY CITY CENTRAL PARK, NY US","2015-02-07","0.02","0.0","7.9",,"40","25"
"USW00094728","NY CITY CENTRAL PARK, NY US","2015-02-08","0.00","0.0","7.9",,"37","29"
"USW00094728","NY CITY CENTRAL PARK, NY US","2015-02-09","0.09","0.0","7.9",,"29","25"
"USW00094728","NY CITY CENTRAL PARK, NY US","2015-02-10","0.01","0.1","7.9",,"40","26"
"USW00094728","NY CITY CENTRAL PARK, NY US","2015-02-11","0.00","0.0","7.9",,"34","22"
"USW00094728","NY CITY CENTRAL PARK, NY US","2015-02-12","0.00","0.0","7.9",,"40","16"
"USW00094728","NY CITY CENTRAL PARK, NY US","2015-02-13","0.00","0.0","7.9",,"21","8"
"USW00094728","NY CITY CENTRAL PARK, NY US","2015-02-14","0.02","0.9","7.9",,"32","16"
"USW00094728","NY CITY CENTRAL PARK, NY US","2015-02-15","0.00","0.0","9.1",,"25","4"
"USW00094728","NY CITY CENTRAL PARK, NY US","2015-02-16","0.00","0.0","9.1",,"21","3"
"USW00094728","NY CITY CENTRAL PARK, NY US","2015-02-17","0.14","3.3","11.8",,"27","14"
"USW00094728","NY CITY CENTRAL PARK, NY US","2015-02-18","0.00","0.0","9.1",,"33","19"
"USW00094728","NY CITY CENTRAL PARK, NY US","2015-02-19","0.00","0.0","9.1",,"27","8"
"USW00094728","NY CITY CENTRAL PARK, NY US","2015-02-20","0.00","0.0","9.1",,"19","2"
"USW00094728","NY CITY CENTRAL PARK, NY US","2015-02-21","0.61","3.0","9.1",,"32","13"
"USW00094728","NY CITY CENTRAL PARK, NY US","2015-02-22","0.10","1.0","13.0",,"43","32"
"USW00094728","NY CITY CENTRAL PARK, NY US","2015-02-23","0.00","0.0","11.8",,"38","8"
"USW00094728","NY CITY CENTRAL PARK, NY US","2015-02-24","0.00","0.0","11.8",,"24","4"
"USW00094728","NY CITY CENTRAL PARK, NY US","2015-02-25","0.00","0.0","11.8",,"37","20"
"USW00094728","NY CITY CENTRAL PARK, NY US","2015-02-26","0.00","0.0","11.0",,"32","21"
"USW00094728","NY CITY CENTRAL PARK, NY US","2015-02-27","0.00","0.0","11.0",,"30","18"
"USW00094728","NY CITY CENTRAL PARK, NY US","2015-02-28","0.00","0.0","11.0",,"29","13"
"USW00094728","NY CITY CENTRAL PARK, NY US","2015-03-01","0.52","4.8","9.8",,"31","24"
"USW00094728","NY CITY CENTRAL PARK, NY US","2015-03-02","0.00","0.0","15.0",,"39","27"
"USW00094728","NY CITY CENTRAL PARK, NY US","2015-03-03","0.67","1.8","14.2",,"37","22"
"USW00094728","NY CITY CENTRAL PARK, NY US","2015-03-04","0.25","0.0","13.0",,"45","35"
"USW00094728","NY CITY CENTRAL PARK, NY US","2015-03-05","0.76","7.5","13.0",,"40","19"
"USW00094728","NY CITY CENTRAL PARK, NY US","2015-03-06","0.00","0.0","18.9",,"27","12"
"USW00094728","NY CITY CENTRAL PARK, NY US","2015-03-07","0.00","0.0","18.1",,"38","18"
"USW00094728","NY CITY CENTRAL PARK, NY US","2015-03-08","0.00","0.0","16.1",,"49","37"
"USW00094728","NY CITY CENTRAL PARK, NY US","2015-03-09","0.01","0.0","13.0",,"54","40"
"USW00094728","NY CITY CENTRAL PARK, NY US","2015-03-10","0.46","0.0","11.0",,"53","39"
"USW00094728","NY CITY CENTRAL PARK, NY US","2015-03-11","0.01","0.0","5.9",,"59","44"
"USW00094728","NY CITY CENTRAL PARK, NY US","2015-03-12","0.00","0.0","3.9",,"47","36"
"USW00094728","NY CITY CENTRAL PARK, NY US","2015-03-13","0.00","0.0","2.0",,"43","31"
"USW00094728","NY CITY CENTRAL PARK, NY US","2015-03-14","0.81","0.0","1.2",,"51","40"
"USW00094728","NY CITY CENTRAL PARK, NY US","2015-03-15","0.00","0.0","0.0",,"44","36"
"USW00094728","NY CITY CENTRAL PARK, NY US","2015-03-16","0.00","0.0","0.0",,"52","35"
"USW00094728","NY CITY CENTRAL PARK, NY US","2015-03-17","0.02","0.0","0.0",,"57","34"
"USW00094728","NY CITY CENTRAL PARK, NY US","2015-03-18","0.00","0.0","0.0",,"39","29"
"USW00094728","NY CITY CENTRAL PARK, NY US","2015-03-19","0.00","0.0","0.0",,"43","29"
"USW00094728","NY CITY CENTRAL PARK, NY US","2015-03-20","0.40","4.5","0.0",,"38","29"
"USW00094728","NY CITY CENTRAL PARK, NY US","2015-03-21","0.00","0.0","5.1",,"47","29"
"USW00094728","NY CITY CENTRAL PARK, NY US","2015-03-22","0.00","0.0","0.0",,"43","28"
"USW00094728","NY CITY CENTRAL PARK, NY US","2015-03-23","0.00","0.0","0.0",,"38","23"
"USW00094728","NY CITY CENTRAL PARK, NY US","2015-03-24","0.00","0.0","0.0",,"45","26"
"USW00094728","NY CITY CENTRAL PARK, NY US","2015-03-25","0.05","0.0","0.0",,"49","34"
"USW00094728","NY CITY CENTRAL PARK, NY US","2015-03-26","0.32","0.0","0.0",,"62","42"
"USW00094728","NY CITY CENTRAL PARK, NY US","2015-03-27","0.27","0.0","0.0",,"46","39"
"USW00094728","NY CITY CENTRAL PARK, NY US","2015-03-28","0.00","0.0","0.0",,"40","26"
"USW00094728","NY CITY CENTRAL PARK, NY US","2015-03-29","0.00","0.0","0.0",,"46","25"
"USW00094728","NY CITY CENTRAL PARK, NY US","2015-03-30","0.00","0.0","0.0",,"54","36"
"USW00094728","NY CITY CENTRAL PARK, NY US","2015-03-31","0.17","0.0","0.0",,"47","35"
"USW00094728","NY CITY CENTRAL PARK, NY US","2015-04-01","0.00","0.0","0.0",,"51","32"
"USW00094728","NY CITY CENTRAL PARK, NY US","2015-04-02","0.00","0.0","0.0",,"67","41"
"USW00094728","NY CITY CENTRAL PARK, NY US","2015-04-03","0.04","0.0","0.0",,"64","59"
"USW00094728","NY CITY CENTRAL PARK, NY US","2015-04-04","0.01","0.0","0.0",,"60","42"
"USW00094728","NY CITY CENTRAL PARK, NY US","2015-04-05","0.00","0.0","0.0",,"61","42"
"USW00094728","NY CITY CENTRAL PARK, NY US","2015-04-06","0.00","0.0","0.0",,"63","42"
"USW00094728","NY CITY CENTRAL PARK, NY US","2015-04-07","0.15","0.0","0.0",,"62","42"
"USW00094728","NY CITY CENTRAL PARK, NY US","2015-04-08","0.00","0.0","0.0",,"45","37"
"USW00094728","NY CITY CENTRAL PARK, NY US","2015-04-09","0.00","0.0","0.0",,"43","37"
"USW00094728","NY CITY CENTRAL PARK, NY US","2015-04-10","0.17","0.0","0.0",,"56","39"
"USW00094728","NY CITY CENTRAL PARK, NY US","2015-04-11","0.00","0.0","0.0",,"57","44"
"USW00094728","NY CITY CENTRAL PARK, NY US","2015-04-12","0.00","0.0","0.0",,"66","43"
"USW00094728","NY CITY CENTRAL PARK, NY US","2015-04-13","0.00","0.0","0.0",,"68","50"
"USW00094728","NY CITY CENTRAL PARK, NY US","2015-04-14","0.01","0.0","0.0",,"65","55"
"USW00094728","NY CITY CENTRAL PARK, NY US","2015-04-15","0.00","0.0","0.0",,"72","51"
"USW00094728","NY CITY CENTRAL PARK, NY US","2015-04-16","0.00","0.0","0.0",,"64","52"
"USW00094728","NY CITY CENTRAL PARK, NY US","2015-04-17","0.08","0.0","0.0",,"71","55"
"USW00094728","NY CITY CENTRAL PARK, NY US","2015-04-18","0.00","0.0","0.0",,"80","59"
"USW00094728","NY CITY CENTRAL PARK, NY US","2015-04-19","0.00","0.0","0.0",,"64","48"
"USW00094728","NY CITY CENTRAL PARK, NY US","2015-04-20","1.37","0.0","0.0",,"57","46"
"USW00094728","NY CITY CENTRAL PARK, NY US","2015-04-21","0.20","0.0","0.0",,"65","52"
"USW00094728","NY CITY CENTRAL PARK, NY US","2015-04-22","0.05","0.0","0.0",,"69","48"
"USW00094728","NY CITY CENTRAL PARK, NY US","2015-04-23","0.00","0.0","0.0",,"52","41"
"USW00094728","NY CITY CENTRAL PARK, NY US","2015-04-24","0.00","0.0","0.0",,"52","39"
"USW00094728","NY CITY CENTRAL PARK, NY US","2015-04-25","0.00","0.0","0.0",,"62","38"
"USW00094728","NY CITY CENTRAL PARK, NY US","2015-04-26","0.00","0.0","0.0",,"64","46"
"USW00094728","NY CITY CENTRAL PARK, NY US","2015-04-27","0.00","0.0","0.0",,"62","49"
"USW00094728","NY CITY CENTRAL PARK, NY US","2015-04-28","0.00","0.0","0.0",,"71","50"
"USW00094728","NY CITY CENTRAL PARK, NY US","2015-04-29","0.00","0.0","0.0",,"78","50"
"USW00094728","NY CITY CENTRAL PARK, NY US","2015-04-30","0.00","0.0","0.0",,"67","48"
"USW00094728","NY CITY CENTRAL PARK, NY US","2015-05-01","0.00","0.0","0.0",,"63","49"
"USW00094728","NY CITY CENTRAL PARK, NY US","2015-05-02","0.00","0.0","0.0",,"74","48"
"USW00094728","NY CITY CENTRAL PARK, NY US","2015-05-03","0.00","0.0","0.0",,"80","51"
"USW00094728","NY CITY CENTRAL PARK, NY US","2015-05-04","0.00","0.0","0.0",,"85","57"
"USW00094728","NY CITY CENTRAL PARK, NY US","2015-05-05","0.00","0.0","0.0",,"85","66"
"USW00094728","NY CITY CENTRAL PARK, NY US","2015-05-06","0.00","0.0","0.0",,"73","59"
"USW00094728","NY CITY CENTRAL PARK, NY US","2015-05-07","0.00","0.0","0.0",,"80","56"
"USW00094728","NY CITY CENTRAL PARK, NY US","2015-05-08","0.00","0.0","0.0",,"82","56"
"USW00094728","NY CITY CENTRAL PARK, NY US","2015-05-09","0.00","0.0","0.0",,"70","57"
"USW00094728","NY CITY CENTRAL PARK, NY US","2015-05-10","0.00","0.0","0.0",,"83","61"
"USW00094728","NY CITY CENTRAL PARK, NY US","2015-05-11","0.00","0.0","0.0",,"84","70"
"USW00094728","NY CITY CENTRAL PARK, NY US","2015-05-12","0.00","0.0","0.0",,"86","64"
"USW00094728","NY CITY CENTRAL PARK, NY US","2015-05-13","0.00","0.0","0.0",,"70","53"
"USW00094728","NY CITY CENTRAL PARK, NY US","2015-05-14","0.00","0.0","0.0",,"73","50"
"USW00094728","NY CITY CENTRAL PARK, NY US","2015-05-15","0.00","0.0","0.0",,"75","55"
"USW00094728","NY CITY CENTRAL PARK, NY US","2015-05-16","0.30","0.0","0.0",,"75","57"
"USW00094728","NY CITY CENTRAL PARK, NY US","2015-05-17","0.02","0.0","0.0",,"83","64"
"USW00094728","NY CITY CENTRAL PARK, NY US","2015-05-18","0.00","0.0","0.0",,"75","60"
"USW00094728","NY CITY CENTRAL PARK, NY US","2015-05-19","0.00","0.0","0.0",,"80","59"
"USW00094728","NY CITY CENTRAL PARK, NY US","2015-05-20","0.00","0.0","0.0",,"67","54"
"USW00094728","NY CITY CENTRAL PARK, NY US","2015-05-21","0.00","0.0","0.0",,"62","52"
"USW00094728","NY CITY CENTRAL PARK, NY US","2015-05-22","0.00","0.0","0.0",,"74","55"
"USW00094728","NY CITY CENTRAL PARK, NY US","2015-05-23","0.00","0.0","0.0",,"70","49"
"USW00094728","NY CITY CENTRAL PARK, NY US","2015-05-24","0.00","0.0","0.0",,"81","56"
"USW00094728","NY CITY CENTRAL PARK, NY US","2015-05-25","0.00","0.0","0.0",,"85","64"
"USW00094728","NY CITY CENTRAL PARK, NY US","2015-05-26","0.00","0.0","0.0",,"88","67"
"USW00094728","NY CITY CENTRAL PARK, NY US","2015-05-27","0.08","0.0","0.0",,"85","70"
"USW00094728","NY CITY CENTRAL PARK, NY US","2015-05-28","0.00","0.0","0.0",,"85","70"
"USW00094728","NY CITY CENTRAL PARK, NY US","2015-05-29","0.00","0.0","0.0",,"85","65"
"USW00094728","NY CITY CENTRAL PARK, NY US","2015-05-30","0.00","0.0","0.0",,"85","67"
"USW00094728","NY CITY CENTRAL PARK, NY US","2015-05-31","1.46","0.0","0.0",,"87","57"
"USW00094728","NY CITY CENTRAL PARK, NY US","2015-06-01","0.72","0.0","0.0",,"58","51"
"USW00094728","NY CITY CENTRAL PARK, NY US","2015-06-02","0.37","0.0","0.0",,"55","50"
"USW00094728","NY CITY CENTRAL PARK, NY US","2015-06-03","0.00","0.0","0.0",,"70","52"
"USW00094728","NY CITY CENTRAL PARK, NY US","2015-06-04","0.00","0.0","0.0",,"65","54"
"USW00094728","NY CITY CENTRAL PARK, NY US","2015-06-05","0.13","0.0","0.0",,"70","55"
"USW00094728","NY CITY CENTRAL PARK, NY US","2015-06-06","0.19","0.0","0.0",,"76","60"
"USW00094728","NY CITY CENTRAL PARK, NY US","2015-06-07","0.00","0.0","0.0",,"74","55"
"USW00094728","NY CITY CENTRAL PARK, NY US","2015-06-08","0.06","0.0","0.0",,"79","63"
"USW00094728","NY CITY CENTRAL PARK, NY US","2015-06-09","0.01","0.0","0.0",,"83","68"
"USW00094728","NY CITY CENTRAL PARK, NY US","2015-06-10","0.00","0.0","0.0",,"82","65"
"USW00094728","NY CITY CENTRAL PARK, NY US","2015-06-11","0.00","0.0","0.0",,"89","72"
"USW00094728","NY CITY CENTRAL PARK, NY US","2015-06-12","0.00","0.0","0.0",,"88","73"
"USW00094728","NY CITY CENTRAL PARK, NY US","2015-06-13","0.00","0.0","0.0",,"86","72"
"USW00094728","NY CITY CENTRAL PARK, NY US","2015-06-14","0.36","0.0","0.0",,"88","66"
"USW00094728","NY CITY CENTRAL PARK, NY US","2015-06-15","0.57","0.0","0.0",,"83","64"
"USW00094728","NY CITY CENTRAL PARK, NY US","2015-06-16","0.27","0.0","0.0",,"79","65"
"USW00094728","NY CITY CENTRAL PARK, NY US","2015-06-17","0.00","0.0","0.0",,"82","66"
"USW00094728","NY CITY CENTRAL PARK, NY US","2015-06-18","0.00","0.0","0.0",,"71","64"
"USW00094728","NY CITY CENTRAL PARK, NY US","2015-06-19","0.00","0.0","0.0",,"87","68"
"USW00094728","NY CITY CENTRAL PARK, NY US","2015-06-20","0.00","0.0","0.0",,"75","64"
"USW00094728","NY CITY CENTRAL PARK, NY US","2015-06-21","0.64","0.0","0.0",,"88","71"
"USW00094728","NY CITY CENTRAL PARK, NY US","2015-06-22","0.00","0.0","0.0",,"87","70"
"USW00094728","NY CITY CENTRAL PARK, NY US","2015-06-23","0.02","0.0","0.0",,"90","75"
"USW00094728","NY CITY CENTRAL PARK, NY US","2015-06-24","0.00","0.0","0.0",,"84","68"
"USW00094728","NY CITY CENTRAL PARK, NY US","2015-06-25","0.00","0.0","0.0",,"83","65"
"USW00094728","NY CITY CENTRAL PARK, NY US","2015-06-26","0.00","0.0","0.0",,"81","69"
"USW00094728","NY CITY CENTRAL PARK, NY US","2015-06-27","1.12","0.0","0.0",,"71","58"
"USW00094728","NY CITY CENTRAL PARK, NY US","2015-06-28","0.29","0.0","0.0",,"73","62"
"USW00094728","NY CITY CENTRAL PARK, NY US","2015-06-29","0.00","0.0","0.0",,"76","63"
"USW00094728","NY CITY CENTRAL PARK, NY US","2015-06-30","0.04","0.0","0.0",,"82","68"
"USW00094728","NY CITY CENTRAL PARK, NY US","2015-07-01","0.39","0.0","0.0",,"82","69"
"USW00094728","NY CITY CENTRAL PARK, NY US","2015-07-02","0.00","0.0","0.0",,"80","69"
"USW00094728","NY CITY CENTRAL PARK, NY US","2015-07-03","0.00","0.0","0.0",,"82","66"
"USW00094728","NY CITY CENTRAL PARK, NY US","2015-07-04","0.00","0.0","0.0",,"75","69"
"USW00094728","NY CITY CENTRAL PARK, NY US","2015-07-05","0.00","0.0","0.0",,"83","68"
"USW00094728","NY CITY CENTRAL PARK, NY US","2015-07-06","0.00","0.0","0.0",,"83","72"
"USW00094728","NY CITY CENTRAL PARK, NY US","2015-07-07","0.12","0.0","0.0",,"88","75"
"USW00094728","NY CITY CENTRAL PARK, NY US","2015-07-08","0.00","0.0","0.0",,"88","77"
"USW00094728","NY CITY CENTRAL PARK, NY US","2015-07-09","0.30","0.0","0.0",,"79","68"
"USW00094728","NY CITY CENTRAL PARK, NY US","2015-07-10","0.00","0.0","0.0",,"84","72"
"USW00094728","NY CITY CENTRAL PARK, NY US","2015-07-11","0.00","0.0","0.0",,"88","69"
"USW00094728","NY CITY CENTRAL PARK, NY US","2015-07-12","0.00","0.0","0.0",,"89","72"
"USW00094728","NY CITY CENTRAL PARK, NY US","2015-07-13","0.00","0.0","0.0",,"88","73"
"USW00094728","NY CITY CENTRAL PARK, NY US","2015-07-14","0.42","0.0","0.0",,"82","73"
"USW00094728","NY CITY CENTRAL PARK, NY US","2015-07-15","0.12","0.0","0.0",,"81","72"
"USW00094728","NY CITY CENTRAL PARK, NY US","2015-07-16","0.00","0.0","0.0",,"80","64"
"USW00094728","NY CITY CENTRAL PARK, NY US","2015-07-17","0.00","0.0","0.0",,"81","67"
"USW00094728","NY CITY CENTRAL PARK, NY US","2015-07-18","0.32","0.0","0.0",,"85","71"
"USW00094728","NY CITY CENTRAL PARK, NY US","2015-07-19","0.00","0.0","0.0",,"93","78"
"USW00094728","NY CITY CENTRAL PARK, NY US","2015-07-20","0.00","0.0","0.0",,"94","82"
"USW00094728","NY CITY CENTRAL PARK, NY US","2015-07-21","0.00","0.0","0.0",,"89","74"
"USW00094728","NY CITY CENTRAL PARK, NY US","2015-07-22","0.00","0.0","0.0",,"85","69"
"USW00094728","NY CITY CENTRAL PARK, NY US","2015-07-23","0.00","0.0","0.0",,"86","68"
"USW00094728","NY CITY CENTRAL PARK, NY US","2015-07-24","0.00","0.0","0.0",,"87","70"
"USW00094728","NY CITY CENTRAL PARK, NY US","2015-07-25","0.00","0.0","0.0",,"88","69"
"USW00094728","NY CITY CENTRAL PARK, NY US","2015-07-26","0.00","0.0","0.0",,"90","74"
"USW00094728","NY CITY CENTRAL PARK, NY US","2015-07-27","0.36","0.0","0.0",,"86","71"
"USW00094728","NY CITY CENTRAL PARK, NY US","2015-07-28","0.00","0.0","0.0",,"95","75"
"USW00094728","NY CITY CENTRAL PARK, NY US","2015-07-29","0.00","0.0","0.0",,"96","78"
"USW00094728","NY CITY CENTRAL PARK, NY US","2015-07-30","1.95","0.0","0.0",,"87","76"
"USW00094728","NY CITY CENTRAL PARK, NY US","2015-07-31","0.00","0.0","0.0",,"89","72"
"USW00094728","NY CITY CENTRAL PARK, NY US","2015-08-01","0.00","0.0","0.0",,"89","75"
"USW00094728","NY CITY CENTRAL PARK, NY US","2015-08-02","0.00","0.0","0.0",,"89","71"
"USW00094728","NY CITY CENTRAL PARK, NY US","2015-08-03","0.00","0.0","0.0",,"90","75"
"USW00094728","NY CITY CENTRAL PARK, NY US","2015-08-04","0.43","0.0","0.0",,"89","69"
"USW00094728","NY CITY CENTRAL PARK, NY US","2015-08-05","0.00","0.0","0.0",,"87","72"
"USW00094728","NY CITY CENTRAL PARK, NY US","2015-08-06","0.00","0.0","0.0",,"83","67"
"USW00094728","NY CITY CENTRAL PARK, NY US","2015-08-07","0.00","0.0","0.0",,"84","69"
"USW00094728","NY CITY CENTRAL PARK, NY US","2015-08-08","0.00","0.0","0.0",,"82","68"
"USW00094728","NY CITY CENTRAL PARK, NY US","2015-08-09","0.00","0.0","0.0",,"85","68"
"USW00094728","NY CITY CENTRAL PARK, NY US","2015-08-10","0.00","0.0","0.0",,"84","70"
"USW00094728","NY CITY CENTRAL PARK, NY US","2015-08-11","1.17","0.0","0.0",,"81","71"
"USW00094728","NY CITY CENTRAL PARK, NY US","2015-08-12","0.00","0.0","0.0",,"85","71"
"USW00094728","NY CITY CENTRAL PARK, NY US","2015-08-13","0.00","0.0","0.0",,"83","67"
"USW00094728","NY CITY CENTRAL PARK, NY US","2015-08-14","0.00","0.0","0.0",,"88","67"
"USW00094728","NY CITY CENTRAL PARK, NY US","2015-08-15","0.00","0.0","0.0",,"92","73"
"USW00094728","NY CITY CENTRAL PARK, NY US","2015-08-16","0.00","0.0","0.0",,"93","76"
"USW00094728","NY CITY CENTRAL PARK, NY US","2015-08-17","0.00","0.0","0.0",,"95","78"
"USW00094728","NY CITY CENTRAL PARK, NY US","2015-08-18","0.29","0.0","0.0",,"90","73"
"USW00094728","NY CITY CENTRAL PARK, NY US","2015-08-19","0.00","0.0","0.0",,"87","77"
"USW00094728","NY CITY CENTRAL PARK, NY US","2015-08-20","0.01","0.0","0.0",,"86","77"
"USW00094728","NY CITY CENTRAL PARK, NY US","2015-08-21","0.32","0.0","0.0",,"87","71"
"USW00094728","NY CITY CENTRAL PARK, NY US","2015-08-22","0.00","0.0","0.0",,"86","69"
"USW00094728","NY CITY CENTRAL PARK, NY US","2015-08-23","0.00","0.0","0.0",,"85","70"
"USW00094728","NY CITY CENTRAL PARK, NY US","2015-08-24","0.00","0.0","0.0",,"87","73"
"USW00094728","NY CITY CENTRAL PARK, NY US","2015-08-25","0.00","0.0","0.0",,"90","73"
"USW00094728","NY CITY CENTRAL PARK, NY US","2015-08-26","0.00","0.0","0.0",,"85","67"
"USW00094728","NY CITY CENTRAL PARK, NY US","2015-08-27","0.00","0.0","0.0",,"82","67"
"USW00094728","NY CITY CENTRAL PARK, NY US","2015-08-28","0.00","0.0","0.0",,"82","63"
"USW00094728","NY CITY CENTRAL PARK, NY US","2015-08-29","0.00","0.0","0.0",,"87","67"
"USW00094728","NY CITY CENTRAL PARK, NY US","2015-08-30","0.13","0.0","0.0",,"90","72"
"USW00094728","NY CITY CENTRAL PARK, NY US","2015-08-31","0.00","0.0","0.0",,"91","76"
"USW00094728","NY CITY CENTRAL PARK, NY US","2015-09-01","0.00","0.0","0.0",,"90","76"
"USW00094728","NY CITY CENTRAL PARK, NY US","2015-09-02","0.00","0.0","0.0",,"91","74"
"USW00094728","NY CITY CENTRAL PARK, NY US","2015-09-03","0.00","0.0","0.0",,"93","74"
"USW00094728","NY CITY CENTRAL PARK, NY US","2015-09-04","0.00","0.0","0.0",,"85","72"
"USW00094728","NY CITY CENTRAL PARK, NY US","2015-09-05","0.00","0.0","0.0",,"83","67"
"USW00094728","NY CITY CENTRAL PARK, NY US","2015-09-06","0.00","0.0","0.0",,"87","65"
"USW00094728","NY CITY CENTRAL PARK, NY US","2015-09-07","0.00","0.0","0.0",,"92","70"
"USW00094728","NY CITY CENTRAL PARK, NY US","2015-09-08","0.00","0.0","0.0",,"97","76"
"USW00094728","NY CITY CENTRAL PARK, NY US","2015-09-09","0.00","0.0","0.0",,"90","76"
"USW00094728","NY CITY CENTRAL PARK, NY US","2015-09-10","1.58","0.0","0.0",,"79","70"
"USW00094728","NY CITY CENTRAL PARK, NY US","2015-09-11","0.00","0.0","0.0",,"81","66"
"USW00094728","NY CITY CENTRAL PARK, NY US","2015-09-12","0.29","0.0","0.0",,"79","69"
"USW00094728","NY CITY CENTRAL PARK, NY US","2015-09-13","0.04","0.0","0.0",,"80","62"
"USW00094728","NY CITY CENTRAL PARK, NY US","2015-09-14","0.00","0.0","0.0",,"77","59"
"USW00094728","NY CITY CENTRAL PARK, NY US","2015-09-15","0.00","0.0","0.0",,"84","62"
"USW00094728","NY CITY CENTRAL PARK, NY US","2015-09-16","0.00","0.0","0.0",,"88","66"
"USW00094728","NY CITY CENTRAL PARK, NY US","2015-09-17","0.00","0.0","0.0",,"89","68"
"USW00094728","NY CITY CENTRAL PARK, NY US","2015-09-18","0.00","0.0","0.0",,"87","68"
"USW00094728","NY CITY CENTRAL PARK, NY US","2015-09-19","0.00","0.0","0.0",,"83","68"
"USW00094728","NY CITY CENTRAL PARK, NY US","2015-09-20","0.00","0.0","0.0",,"79","64"
"USW00094728","NY CITY CENTRAL PARK, NY US","2015-09-21","0.00","0.0","0.0",,"73","59"
"USW00094728","NY CITY CENTRAL PARK, NY US","2015-09-22","0.00","0.0","0.0",,"71","62"
"USW00094728","NY CITY CENTRAL PARK, NY US","2015-09-23","0.00","0.0","0.0",,"80","59"
"USW00094728","NY CITY CENTRAL PARK, NY US","2015-09-24","0.00","0.0","0.0",,"82","60"
"USW00094728","NY CITY CENTRAL PARK, NY US","2015-09-25","0.00","0.0","0.0",,"76","63"
"USW00094728","NY CITY CENTRAL PARK, NY US","2015-09-26","0.00","0.0","0.0",,"72","61"
"USW00094728","NY CITY CENTRAL PARK, NY US","2015-09-27","0.00","0.0","0.0",,"71","56"
"USW00094728","NY CITY CENTRAL PARK, NY US","2015-09-28","0.00","0.0","0.0",,"78","65"
"USW00094728","NY CITY CENTRAL PARK, NY US","2015-09-29","0.11","0.0","0.0",,"83","72"
"USW00094728","NY CITY CENTRAL PARK, NY US","2015-09-30","1.26","0.0","0.0",,"79","59"
"USW00094728","NY CITY CENTRAL PARK, NY US","2015-10-01","0.09","0.0","0.0",,"64","56"
"USW00094728","NY CITY CENTRAL PARK, NY US","2015-10-02","1.08","0.0","0.0",,"57","48"
"USW00094728","NY CITY CENTRAL PARK, NY US","2015-10-03","0.35","0.0","0.0",,"55","49"
"USW00094728","NY CITY CENTRAL PARK, NY US","2015-10-04","0.00","0.0","0.0",,"63","53"
"USW00094728","NY CITY CENTRAL PARK, NY US","2015-10-05","0.00","0.0","0.0",,"67","52"
"USW00094728","NY CITY CENTRAL PARK, NY US","2015-10-06","0.00","0.0","0.0",,"73","52"
"USW00094728","NY CITY CENTRAL PARK, NY US","2015-10-07","0.00","0.0","0.0",,"73","58"
"USW00094728","NY CITY CENTRAL PARK, NY US","2015-10-08","0.00","0.0","0.0",,"72","59"
"USW00094728","NY CITY CENTRAL PARK, NY US","2015-10-09","0.89","0.0","0.0",,"78","61"
"USW00094728","NY CITY CENTRAL PARK, NY US","2015-10-10","0.00","0.0","0.0",,"65","50"
"USW00094728","NY CITY CENTRAL PARK, NY US","2015-10-11","0.00","0.0","0.0",,"69","53"
"USW00094728","NY CITY CENTRAL PARK, NY US","2015-10-12","0.00","0.0","0.0",,"77","56"
"USW00094728","NY CITY CENTRAL PARK, NY US","2015-10-13","0.01","0.0","0.0",,"72","61"
"USW00094728","NY CITY CENTRAL PARK, NY US","2015-10-14","0.00","0.0","0.0",,"69","57"
"USW00094728","NY CITY CENTRAL PARK, NY US","2015-10-15","0.00","0.0","0.0",,"64","51"
"USW00094728","NY CITY CENTRAL PARK, NY US","2015-10-16","0.00","0.0","0.0",,"64","53"
"USW00094728","NY CITY CENTRAL PARK, NY US","2015-10-17","0.00","0.0","0.0",,"56","42"
"USW00094728","NY CITY CENTRAL PARK, NY US","2015-10-18","0.00","0.0","0.0",,"50","38"
"USW00094728","NY CITY CENTRAL PARK, NY US","2015-10-19","0.00","0.0","0.0",,"53","35"
"USW00094728","NY CITY CENTRAL PARK, NY US","2015-10-20","0.00","0.0","0.0",,"70","48"
"USW00094728","NY CITY CENTRAL PARK, NY US","2015-10-21","0.00","0.0","0.0",,"76","57"
"USW00094728","NY CITY CENTRAL PARK, NY US","2015-10-22","0.00","0.0","0.0",,"75","58"
"USW00094728","NY CITY CENTRAL PARK, NY US","2015-10-23","0.00","0.0","0.0",,"65","45"
"USW00094728","NY CITY CENTRAL PARK, NY US","2015-10-24","0.00","0.0","0.0",,"57","40"
"USW00094728","NY CITY CENTRAL PARK, NY US","2015-10-25","0.05","0.0","0.0",,"68","48"
"USW00094728","NY CITY CENTRAL PARK, NY US","2015-10-26","0.00","0.0","0.0",,"58","46"
"USW00094728","NY CITY CENTRAL PARK, NY US","2015-10-27","0.00","0.0","0.0",,"59","45"
"USW00094728","NY CITY CENTRAL PARK, NY US","2015-10-28","1.40","0.0","0.0",,"69","53"
"USW00094728","NY CITY CENTRAL PARK, NY US","2015-10-29","0.04","0.0","0.0",,"73","57"
"USW00094728","NY CITY CENTRAL PARK, NY US","2015-10-30","0.00","0.0","0.0",,"61","48"
"USW00094728","NY CITY CENTRAL PARK, NY US","2015-10-31","0.00","0.0","0.0",,"56","42"
"USW00094728","NY CITY CENTRAL PARK, NY US","2015-11-01","0.00","0.0","0.0",,"65","54"
"USW00094728","NY CITY CENTRAL PARK, NY US","2015-11-02","0.00","0.0","0.0",,"63","54"
"USW00094728","NY CITY CENTRAL PARK, NY US","2015-11-03","0.00","0.0","0.0",,"72","48"
"USW00094728","NY CITY CENTRAL PARK, NY US","2015-11-04","0.00","0.0","0.0",,"70","56"
"USW00094728","NY CITY CENTRAL PARK, NY US","2015-11-05","0.01","0.0","0.0",,"71","56"
"USW00094728","NY CITY CENTRAL PARK, NY US","2015-11-06","0.00","0.0","0.0",,"74","66"
"USW00094728","NY CITY CENTRAL PARK, NY US","2015-11-07","0.00","0.0","0.0",,"72","53"
"USW00094728","NY CITY CENTRAL PARK, NY US","2015-11-08","0.00","0.0","0.0",,"56","46"
"USW00094728","NY CITY CENTRAL PARK, NY US","2015-11-09","0.00","0.0","0.0",,"59","43"
"USW00094728","NY CITY CENTRAL PARK, NY US","2015-11-10","0.26","0.0","0.0",,"57","51"
"USW00094728","NY CITY CENTRAL PARK, NY US","2015-11-11","0.43","0.0","0.0",,"58","49"
"USW00094728","NY CITY CENTRAL PARK, NY US","2015-11-12","0.01","0.0","0.0",,"61","51"
"USW00094728","NY CITY CENTRAL PARK, NY US","2015-11-13","0.00","0.0","0.0",,"58","46"
"USW00094728","NY CITY CENTRAL PARK, NY US","2015-11-14","0.00","0.0","0.0",,"49","42"
"USW00094728","NY CITY CENTRAL PARK, NY US","2015-11-15","0.00","0.0","0.0",,"58","39"
"USW00094728","NY CITY CENTRAL PARK, NY US","2015-11-16","0.00","0.0","0.0",,"67","51"
"USW00094728","NY CITY CENTRAL PARK, NY US","2015-11-17","0.00","0.0","0.0",,"52","40"
"USW00094728","NY CITY CENTRAL PARK, NY US","2015-11-18","0.00","0.0","0.0",,"58","46"
"USW00094728","NY CITY CENTRAL PARK, NY US","2015-11-19","1.25","0.0","0.0",,"64","57"
"USW00094728","NY CITY CENTRAL PARK, NY US","2015-11-20","0.00","0.0","0.0",,"64","46"
"USW00094728","NY CITY CENTRAL PARK, NY US","2015-11-21","0.00","0.0","0.0",,"53","42"
"USW00094728","NY CITY CENTRAL PARK, NY US","2015-11-22","0.03","0.0","0.0",,"55","42"
"USW00094728","NY CITY CENTRAL PARK, NY US","2015-11-23","0.00","0.0","0.0",,"44","33"
"USW00094728","NY CITY CENTRAL PARK, NY US","2015-11-24","0.00","0.0","0.0",,"46","32"
"USW00094728","NY CITY CENTRAL PARK, NY US","2015-11-25","0.00","0.0","0.0",,"50","36"
"USW00094728","NY CITY CENTRAL PARK, NY US","2015-11-26","0.00","0.0","0.0",,"60","41"
"USW00094728","NY CITY CENTRAL PARK, NY US","2015-11-27","0.00","0.0","0.0",,"64","51"
"USW00094728","NY CITY CENTRAL PARK, NY US","2015-11-28","0.02","0.0","0.0",,"64","45"
"USW00094728","NY CITY CENTRAL PARK, NY US","2015-11-29","0.00","0.0","0.0",,"49","38"
"USW00094728","NY CITY CENTRAL PARK, NY US","2015-11-30","0.00","0.0","0.0",,"47","33"
"USW00094728","NY CITY CENTRAL PARK, NY US","2015-12-01","0.33","0.0","0.0",,"51","44"
"USW00094728","NY CITY CENTRAL PARK, NY US","2015-12-02","0.14","0.0","0.0",,"57","46"
"USW00094728","NY CITY CENTRAL PARK, NY US","2015-12-03","0.00","0.0","0.0",,"55","44"
"USW00094728","NY CITY CENTRAL PARK, NY US","2015-12-04","0.00","0.0","0.0",,"51","42"
"USW00094728","NY CITY CENTRAL PARK, NY US","2015-12-05","0.00","0.0","0.0",,"51","40"
"USW00094728","NY CITY CENTRAL PARK, NY US","2015-12-06","0.00","0.0","0.0",,"53","39"
"USW00094728","NY CITY CENTRAL PARK, NY US","2015-12-07","0.00","0.0","0.0",,"54","42"
"USW00094728","NY CITY CENTRAL PARK, NY US","2015-12-08","0.00","0.0","0.0",,"49","41"
"USW00094728","NY CITY CENTRAL PARK, NY US","2015-12-09","0.00","0.0","0.0",,"55","40"
"USW00094728","NY CITY CENTRAL PARK, NY US","2015-12-10","0.00","0.0","0.0",,"60","51"
"USW00094728","NY CITY CENTRAL PARK, NY US","2015-12-11","0.00","0.0","0.0",,"61","50"
"USW00094728","NY CITY CENTRAL PARK, NY US","2015-12-12","0.00","0.0","0.0",,"66","55"
"USW00094728","NY CITY CENTRAL PARK, NY US","2015-12-13","0.00","0.0","0.0",,"67","55"
"USW00094728","NY CITY CENTRAL PARK, NY US","2015-12-14","0.33","0.0","0.0",,"67","53"
"USW00094728","NY CITY CENTRAL PARK, NY US","2015-12-15","0.09","0.0","0.0",,"68","53"
"USW00094728","NY CITY CENTRAL PARK, NY US","2015-12-16","0.04","0.0","0.0",,"53","46"
"USW00094728","NY CITY CENTRAL PARK, NY US","2015-12-17","1.21","0.0","0.0",,"59","50"
"USW00094728","NY CITY CENTRAL PARK, NY US","2015-12-18","0.00","0.0","0.0",,"57","38"
"USW00094728","NY CITY CENTRAL PARK, NY US","2015-12-19","0.00","0.0","0.0",,"40","35"
"USW00094728","NY CITY CENTRAL PARK, NY US","2015-12-20","0.00","0.0","0.0",,"43","34"
"USW00094728","NY CITY CENTRAL PARK, NY US","2015-12-21","0.00","0.0","0.0",,"56","39"
"USW00094728","NY CITY CENTRAL PARK, NY US","2015-12-22","0.19","0.0","0.0",,"62","53"
"USW00094728","NY CITY CENTRAL PARK, NY US","2015-12-23","1.55","0.0","0.0",,"64","52"
"USW00094728","NY CITY CENTRAL PARK, NY US","2015-12-24","0.01","0.0","0.0",,"72","63"
"USW00094728","NY CITY CENTRAL PARK, NY US","2015-12-25","0.01","0.0","0.0",,"66","57"
"USW00094728","NY CITY CENTRAL PARK, NY US","2015-12-26","0.00","0.0","0.0",,"59","47"
"USW00094728","NY CITY CENTRAL PARK, NY US","2015-12-27","0.12","0.0","0.0",,"61","46"
"USW00094728","NY CITY CENTRAL PARK, NY US","2015-12-28","0.03","0.0","0.0",,"46","34"
"USW00094728","NY CITY CENTRAL PARK, NY US","2015-12-29","0.45","0.0","0.0",,"46","34"
"USW00094728","NY CITY CENTRAL PARK, NY US","2015-12-30","0.19","0.0","0.0",,"48","38"
"USW00094728","NY CITY CENTRAL PARK, NY US","2015-12-31","0.03","0.0","0.0",,"48","42"
"USW00094728","NY CITY CENTRAL PARK, NY US","2016-01-01","0.00","0.0","0.0",,"42","34"
"USW00094728","NY CITY CENTRAL PARK, NY US","2016-01-02","0.00","0.0","0.0",,"40","32"
"USW00094728","NY CITY CENTRAL PARK, NY US","2016-01-03","0.00","0.0","0.0",,"45","35"
"USW00094728","NY CITY CENTRAL PARK, NY US","2016-01-04","0.00","0.0","0.0",,"36","14"
"USW00094728","NY CITY CENTRAL PARK, NY US","2016-01-05","0.00","0.0","0.0",,"29","11"
"USW00094728","NY CITY CENTRAL PARK, NY US","2016-01-06","0.00","0.0","0.0",,"41","25"
"USW00094728","NY CITY CENTRAL PARK, NY US","2016-01-07","0.00","0.0","0.0",,"46","31"
"USW00094728","NY CITY CENTRAL PARK, NY US","2016-01-08","0.00","0.0","0.0",,"46","31"
"USW00094728","NY CITY CENTRAL PARK, NY US","2016-01-09","0.00","0.0","0.0",,"47","40"
"USW00094728","NY CITY CENTRAL PARK, NY US","2016-01-10","1.80","0.0","0.0",,"59","40"
"USW00094728","NY CITY CENTRAL PARK, NY US","2016-01-11","0.00","0.0","0.0",,"40","26"
"USW00094728","NY CITY CENTRAL PARK, NY US","2016-01-12","0.00","0.0","0.0",,"44","25"
"USW00094728","NY CITY CENTRAL PARK, NY US","2016-01-13","0.00","0.0","0.0",,"30","22"
"USW00094728","NY CITY CENTRAL PARK, NY US","2016-01-14","0.00","0.0","0.0",,"38","22"
"USW00094728","NY CITY CENTRAL PARK, NY US","2016-01-15","0.00","0.0","0.0",,"51","34"
"USW00094728","NY CITY CENTRAL PARK, NY US","2016-01-16","0.24","0.0","0.0",,"52","42"
"USW00094728","NY CITY CENTRAL PARK, NY US","2016-01-17","0.05","0.4","0.0",,"42","30"
"USW00094728","NY CITY CENTRAL PARK, NY US","2016-01-18","0.00","0.0","0.0",,"31","18"
"USW00094728","NY CITY CENTRAL PARK, NY US","2016-01-19","0.00","0.0","0.0",,"28","16"
"USW00094728","NY CITY CENTRAL PARK, NY US","2016-01-20","0.00","0.0","0.0",,"37","27"
"USW00094728","NY CITY CENTRAL PARK, NY US","2016-01-21","0.00","0.0","0.0",,"36","26"
"USW00094728","NY CITY CENTRAL PARK, NY US","2016-01-22","0.01","0.2","0.0",,"30","21"
"USW00094728","NY CITY CENTRAL PARK, NY US","2016-01-23","2.31","27.3","5.9",,"27","24"
"USW00094728","NY CITY CENTRAL PARK, NY US","2016-01-24","0.00","0.0","22.0",,"35","20"
"USW00094728","NY CITY CENTRAL PARK, NY US","2016-01-25","0.00","0.0","18.9",,"39","28"
"USW00094728","NY CITY CENTRAL PARK, NY US","2016-01-26","0.00","0.0","16.9",,"48","38"
"USW00094728","NY CITY CENTRAL PARK, NY US","2016-01-27","0.00","0.0","9.1",,"47","34"
"USW00094728","NY CITY CENTRAL PARK, NY US","2016-01-28","0.00","0.0","5.9",,"42","32"
"USW00094728","NY CITY CENTRAL PARK, NY US","2016-01-29","0.00","0.0","5.9",,"41","30"
"USW00094728","NY CITY CENTRAL PARK, NY US","2016-01-30","0.00","0.0","5.9",,"39","28"
"USW00094728","NY CITY CENTRAL PARK, NY US","2016-01-31","0.00","0.0","3.9",,"56","36"
"USW00094728","NY CITY CENTRAL PARK, NY US","2016-02-01","0.01","0.0","2.0",,"59","44"
"USW00094728","NY CITY CENTRAL PARK, NY US","2016-02-02","0.00","0.0","0.0",,"50","38"
"USW00094728","NY CITY CENTRAL PARK, NY US","2016-02-03","0.73","0.0","0.0",,"59","42"
"USW00094728","NY CITY CENTRAL PARK, NY US","2016-02-04","0.00","0.0","0.0",,"59","44"
"USW00094728","NY CITY CENTRAL PARK, NY US","2016-02-05","0.53","2.5","1.2",,"44","31"
"USW00094728","NY CITY CENTRAL PARK, NY US","2016-02-06","0.00","0.0","0.0",,"40","30"
"USW00094728","NY CITY CENTRAL PARK, NY US","2016-02-07","0.00","0.0","0.0",,"47","33"
"USW00094728","NY CITY CENTRAL PARK, NY US","2016-02-08","0.05","0.1","0.0",,"39","28"
"USW00094728","NY CITY CENTRAL PARK, NY US","2016-02-09","0.00","0.0","0.0",,"36","27"
"USW00094728","NY CITY CENTRAL PARK, NY US","2016-02-10","0.01","0.0","0.0",,"39","31"
"USW00094728","NY CITY CENTRAL PARK, NY US","2016-02-11","0.00","0.0","0.0",,"31","18"
"USW00094728","NY CITY CENTRAL PARK, NY US","2016-02-12","0.00","0.0","0.0",,"27","15"
"USW00094728","NY CITY CENTRAL PARK, NY US","2016-02-13","0.00","0.0","0.0",,"22","6"
"USW00094728","NY CITY CENTRAL PARK, NY US","2016-02-14","0.00","0.0","0.0",,"15","-1"
"USW00094728","NY CITY CENTRAL PARK, NY US","2016-02-15","0.44","1.4","0.0",,"35","13"
"USW00094728","NY CITY CENTRAL PARK, NY US","2016-02-16","1.01","0.0","0.0",,"54","35"
"USW00094728","NY CITY CENTRAL PARK, NY US","2016-02-17","0.00","0.0","0.0",,"39","35"
"USW00094728","NY CITY CENTRAL PARK, NY US","2016-02-18","0.00","0.0","0.0",,"36","27"
"USW00094728","NY CITY CENTRAL PARK, NY US","2016-02-19","0.00","0.0","0.0",,"39","24"
"USW00094728","NY CITY CENTRAL PARK, NY US","2016-02-20","0.00","0.0","0.0",,"61","39"
"USW00094728","NY CITY CENTRAL PARK, NY US","2016-02-21","0.03","0.0","0.0",,"55","44"
"USW00094728","NY CITY CENTRAL PARK, NY US","2016-02-22","0.00","0.0","0.0",,"52","38"
"USW00094728","NY CITY CENTRAL PARK, NY US","2016-02-23","0.30","0.0","0.0",,"40","35"
"USW00094728","NY CITY CENTRAL PARK, NY US","2016-02-24","1.22","0.0","0.0",,"60","36"
"USW00094728","NY CITY CENTRAL PARK, NY US","2016-02-25","0.02","0.0","0.0",,"61","37"
"USW00094728","NY CITY CENTRAL PARK, NY US","2016-02-26","0.00","0.0","0.0",,"39","27"
"USW00094728","NY CITY CENTRAL PARK, NY US","2016-02-27","0.00","0.0","0.0",,"41","26"
"USW00094728","NY CITY CENTRAL PARK, NY US","2016-02-28","0.00","0.0","0.0",,"60","38"
"USW00094728","NY CITY CENTRAL PARK, NY US","2016-02-29","0.05","0.0","0.0",,"61","47"
"USW00094728","NY CITY CENTRAL PARK, NY US","2016-03-01","0.00","0.0","0.0",,"52","39"
"USW00094728","NY CITY CENTRAL PARK, NY US","2016-03-02","0.14","0.0","0.0",,"55","29"
"USW00094728","NY CITY CENTRAL PARK, NY US","2016-03-03","0.00","0.0","0.0",,"36","26"
"USW00094728","NY CITY CENTRAL PARK, NY US","2016-03-04","0.11","0.4","0.0",,"39","30"
"USW00094728","NY CITY CENTRAL PARK, NY US","2016-03-05","0.00","0.0","0.0",,"41","28"
"USW00094728","NY CITY CENTRAL PARK, NY US","2016-03-06","0.00","0.0","0.0",,"44","32"
"USW00094728","NY CITY CENTRAL PARK, NY US","2016-03-07","0.00","0.0","0.0",,"60","36"
"USW00094728","NY CITY CENTRAL PARK, NY US","2016-03-08","0.00","0.0","0.0",,"67","47"
"USW00094728","NY CITY CENTRAL PARK, NY US","2016-03-09","0.00","0.0","0.0",,"77","44"
"USW00094728","NY CITY CENTRAL PARK, NY US","2016-03-10","0.00","0.0","0.0",,"79","63"
"USW00094728","NY CITY CENTRAL PARK, NY US","2016-03-11","0.06","0.0","0.0",,"68","48"
"USW00094728","NY CITY CENTRAL PARK, NY US","2016-03-12","0.00","0.0","0.0",,"59","40"
"USW00094728","NY CITY CENTRAL PARK, NY US","2016-03-13","0.00","0.0","0.0",,"62","50"
"USW00094728","NY CITY CENTRAL PARK, NY US","2016-03-14","0.29","0.0","0.0",,"51","40"
"USW00094728","NY CITY CENTRAL PARK, NY US","2016-03-15","0.00","0.0","0.0",,"57","44"
"USW00094728","NY CITY CENTRAL PARK, NY US","2016-03-16","0.02","0.0","0.0",,"65","48"
"USW00094728","NY CITY CENTRAL PARK, NY US","2016-03-17","0.00","0.0","0.0",,"63","45"
"USW00094728","NY CITY CENTRAL PARK, NY US","2016-03-18","0.00","0.0","0.0",,"57","42"
"USW00094728","NY CITY CENTRAL PARK, NY US","2016-03-19","0.00","0.0","0.0",,"46","36"
"USW00094728","NY CITY CENTRAL PARK, NY US","2016-03-20","0.07","0.0","0.0",,"43","32"
"USW00094728","NY CITY CENTRAL PARK, NY US","2016-03-21","0.06","0.5","0.0",,"50","32"
"USW00094728","NY CITY CENTRAL PARK, NY US","2016-03-22","0.00","0.0","0.0",,"56","35"
"USW00094728","NY CITY CENTRAL PARK, NY US","2016-03-23","0.00","0.0","0.0",,"71","48"
"USW00094728","NY CITY CENTRAL PARK, NY US","2016-03-24","0.00","0.0","0.0",,"55","44"
"USW00094728","NY CITY CENTRAL PARK, NY US","2016-03-25","0.04","0.0","0.0",,"72","44"
"USW00094728","NY CITY CENTRAL PARK, NY US","2016-03-26","0.00","0.0","0.0",,"55","38"
"USW00094728","NY CITY CENTRAL PARK, NY US","2016-03-27","0.00","0.0","0.0",,"55","43"
"USW00094728","NY CITY CENTRAL PARK, NY US","2016-03-28","0.38","0.0","0.0",,"62","42"
"USW00094728","NY CITY CENTRAL PARK, NY US","2016-03-29","0.00","0.0","0.0",,"53","40"
"USW00094728","NY CITY CENTRAL PARK, NY US","2016-03-30","0.00","0.0","0.0",,"56","37"
"USW00094728","NY CITY CENTRAL PARK, NY US","2016-03-31","0.00","0.0","0.0",,"73","49"
"USW00094728","NY CITY CENTRAL PARK, NY US","2016-04-01","0.02","0.0","0.0",,"79","61"
"USW00094728","NY CITY CENTRAL PARK, NY US","2016-04-02","0.16","0.0","0.0",,"61","49"
"USW00094728","NY CITY CENTRAL PARK, NY US","2016-04-03","0.09","0.0","0.0",,"50","34"
"USW00094728","NY CITY CENTRAL PARK, NY US","2016-04-04","0.47","0.0","0.0",,"45","29"
"USW00094728","NY CITY CENTRAL PARK, NY US","2016-04-05","0.00","0.0","0.0",,"43","26"
"USW00094728","NY CITY CENTRAL PARK, NY US","2016-04-06","0.00","0.0","0.0",,"48","30"
"USW00094728","NY CITY CENTRAL PARK, NY US","2016-04-07","0.09","0.0","0.0",,"58","48"
"USW00094728","NY CITY CENTRAL PARK, NY US","2016-04-08","0.01","0.0","0.0",,"50","40"
"USW00094728","NY CITY CENTRAL PARK, NY US","2016-04-09","0.11","0.0","0.0",,"43","36"
"USW00094728","NY CITY CENTRAL PARK, NY US","2016-04-10","0.00","0.0","0.0",,"50","31"
"USW00094728","NY CITY CENTRAL PARK, NY US","2016-04-11","0.01","0.0","0.0",,"65","43"
"USW00094728","NY CITY CENTRAL PARK, NY US","2016-04-12","0.20","0.0","0.0",,"59","45"
"USW00094728","NY CITY CENTRAL PARK, NY US","2016-04-13","0.00","0.0","0.0",,"58","40"
"USW00094728","NY CITY CENTRAL PARK, NY US","2016-04-14","0.00","0.0","0.0",,"62","43"
"USW00094728","NY CITY CENTRAL PARK, NY US","2016-04-15","0.00","0.0","0.0",,"65","42"
"USW00094728","NY CITY CENTRAL PARK, NY US","2016-04-16","0.00","0.0","0.0",,"68","43"
"USW00094728","NY CITY CENTRAL PARK, NY US","2016-04-17","0.00","0.0","0.0",,"75","44"
"USW00094728","NY CITY CENTRAL PARK, NY US","2016-04-18","0.00","0.0","0.0",,"82","51"
"USW00094728","NY CITY CENTRAL PARK, NY US","2016-04-19","0.00","0.0","0.0",,"73","55"
"USW00094728","NY CITY CENTRAL PARK, NY US","2016-04-20","0.00","0.0","0.0",,"69","49"
"USW00094728","NY CITY CENTRAL PARK, NY US","2016-04-21","0.00","0.0","0.0",,"73","49"
"USW00094728","NY CITY CENTRAL PARK, NY US","2016-04-22","0.00","0.0","0.0",,"79","62"
"USW00094728","NY CITY CENTRAL PARK, NY US","2016-04-23","0.16","0.0","0.0",,"71","54"
"USW00094728","NY CITY CENTRAL PARK, NY US","2016-04-24","0.00","0.0","0.0",,"68","47"
"USW00094728","NY CITY CENTRAL PARK, NY US","2016-04-25","0.00","0.0","0.0",,"69","50"
"USW00094728","NY CITY CENTRAL PARK, NY US","2016-04-26","0.24","0.0","0.0",,"60","47"
"USW00094728","NY CITY CENTRAL PARK, NY US","2016-04-27","0.00","0.0","0.0",,"62","46"
"USW00094728","NY CITY CENTRAL PARK, NY US","2016-04-28","0.00","0.0","0.0",,"59","48"
"USW00094728","NY CITY CENTRAL PARK, NY US","2016-04-29","0.05","0.0","0.0",,"58","45"
"USW00094728","NY CITY CENTRAL PARK, NY US","2016-04-30","0.00","0.0","0.0",,"65","46"
"USW00094728","NY CITY CENTRAL PARK, NY US","2016-05-01","0.16","0.0","0.0",,"51","45"
"USW00094728","NY CITY CENTRAL PARK, NY US","2016-05-02","0.04","0.0","0.0",,"60","45"
"USW00094728","NY CITY CENTRAL PARK, NY US","2016-05-03","0.61","0.0","0.0",,"56","51"
"USW00094728","NY CITY CENTRAL PARK, NY US","2016-05-04","0.01","0.0","0.0",,"52","48"
"USW00094728","NY CITY CENTRAL PARK, NY US","2016-05-05","0.00","0.0","0.0",,"57","46"
"USW00094728","NY CITY CENTRAL PARK, NY US","2016-05-06","0.54","0.0","0.0",,"54","48"
"USW00094728","NY CITY CENTRAL PARK, NY US","2016-05-07","0.00","0.0","0.0",,"60","48"
"USW00094728","NY CITY CENTRAL PARK, NY US","2016-05-08","0.16","0.0","0.0",,"66","49"
"USW00094728","NY CITY CENTRAL PARK, NY US","2016-05-09","0.00","0.0","0.0",,"72","52"
"USW00094728","NY CITY CENTRAL PARK, NY US","2016-05-10","0.00","0.0","0.0",,"63","50"
"USW00094728","NY CITY CENTRAL PARK, NY US","2016-05-11","0.00","0.0","0.0",,"76","50"
"USW00094728","NY CITY CENTRAL PARK, NY US","2016-05-12","0.00","0.0","0.0",,"80","56"
"USW00094728","NY CITY CENTRAL PARK, NY US","2016-05-13","0.25","0.0","0.0",,"65","57"
"USW00094728","NY CITY CENTRAL PARK, NY US","2016-05-14","0.00","0.0","0.0",,"73","56"
"USW00094728","NY CITY CENTRAL PARK, NY US","2016-05-15","0.00","0.0","0.0",,"59","46"
"USW00094728","NY CITY CENTRAL PARK, NY US","2016-05-16","0.00","0.0","0.0",,"66","43"
"USW00094728","NY CITY CENTRAL PARK, NY US","2016-05-17","0.00","0.0","0.0",,"64","52"
"USW00094728","NY CITY CENTRAL PARK, NY US","2016-05-18","0.00","0.0","0.0",,"68","52"
"USW00094728","NY CITY CENTRAL PARK, NY US","2016-05-19","0.00","0.0","0.0",,"73","54"
"USW00094728","NY CITY CENTRAL PARK, NY US","2016-05-20","0.00","0.0","0.0",,"76","53"
"USW00094728","NY CITY CENTRAL PARK, NY US","2016-05-21","0.04","0.0","0.0",,"66","54"
"USW00094728","NY CITY CENTRAL PARK, NY US","2016-05-22","0.09","0.0","0.0",,"70","52"
"USW00094728","NY CITY CENTRAL PARK, NY US","2016-05-23","0.02","0.0","0.0",,"78","56"
"USW00094728","NY CITY CENTRAL PARK, NY US","2016-05-24","0.18","0.0","0.0",,"73","58"
"USW00094728","NY CITY CENTRAL PARK, NY US","2016-05-25","0.00","0.0","0.0",,"88","61"
"USW00094728","NY CITY CENTRAL PARK, NY US","2016-05-26","0.00","0.0","0.0",,"90","69"
"USW00094728","NY CITY CENTRAL PARK, NY US","2016-05-27","0.00","0.0","0.0",,"87","73"
"USW00094728","NY CITY CENTRAL PARK, NY US","2016-05-28","0.00","0.0","0.0",,"92","71"
"USW00094728","NY CITY CENTRAL PARK, NY US","2016-05-29","0.00","0.0","0.0",,"87","70"
"USW00094728","NY CITY CENTRAL PARK, NY US","2016-05-30","1.65","0.0","0.0",,"82","68"
"USW00094728","NY CITY CENTRAL PARK, NY US","2016-05-31","0.00","0.0","0.0",,"85","71"
"USW00094728","NY CITY CENTRAL PARK, NY US","2016-06-01","0.00","0.0","0.0",,"83","66"
"USW00094728","NY CITY CENTRAL PARK, NY US","2016-06-02","0.00","0.0","0.0",,"78","62"
"USW00094728","NY CITY CENTRAL PARK, NY US","2016-06-03","0.04","0.0","0.0",,"70","63"
"USW00094728","NY CITY CENTRAL PARK, NY US","2016-06-04","0.40","0.0","0.0",,"83","66"
"USW00094728","NY CITY CENTRAL PARK, NY US","2016-06-05","0.91","0.0","0.0",,"71","65"
"USW00094728","NY CITY CENTRAL PARK, NY US","2016-06-06","0.00","0.0","0.0",,"83","65"
"USW00094728","NY CITY CENTRAL PARK, NY US","2016-06-07","0.00","0.0","0.0",,"85","64"
"USW00094728","NY CITY CENTRAL PARK, NY US","2016-06-08","0.45","0.0","0.0",,"67","52"
"USW00094728","NY CITY CENTRAL PARK, NY US","2016-06-09","0.00","0.0","0.0",,"71","54"
"USW00094728","NY CITY CENTRAL PARK, NY US","2016-06-10","0.00","0.0","0.0",,"77","57"
"USW00094728","NY CITY CENTRAL PARK, NY US","2016-06-11","0.00","0.0","0.0",,"88","59"
"USW00094728","NY CITY CENTRAL PARK, NY US","2016-06-12","0.00","0.0","0.0",,"83","62"
"USW00094728","NY CITY CENTRAL PARK, NY US","2016-06-13","0.00","0.0","0.0",,"74","57"
"USW00094728","NY CITY CENTRAL PARK, NY US","2016-06-14","0.00","0.0","0.0",,"79","58"
"USW00094728","NY CITY CENTRAL PARK, NY US","2016-06-15","0.00","0.0","0.0",,"85","62"
"USW00094728","NY CITY CENTRAL PARK, NY US","2016-06-16","0.22","0.0","0.0",,"74","65"
"USW00094728","NY CITY CENTRAL PARK, NY US","2016-06-17","0.00","0.0","0.0",,"78","63"
"USW00094728","NY CITY CENTRAL PARK, NY US","2016-06-18","0.00","0.0","0.0",,"87","61"
"USW00094728","NY CITY CENTRAL PARK, NY US","2016-06-19","0.00","0.0","0.0",,"88","66"
"USW00094728","NY CITY CENTRAL PARK, NY US","2016-06-20","0.00","0.0","0.0",,"84","64"
"USW00094728","NY CITY CENTRAL PARK, NY US","2016-06-21","0.00","0.0","0.0",,"87","72"
"USW00094728","NY CITY CENTRAL PARK, NY US","2016-06-22","0.00","0.0","0.0",,"86","68"
"USW00094728","NY CITY CENTRAL PARK, NY US","2016-06-23","0.00","0.0","0.0",,"83","69"
"USW00094728","NY CITY CENTRAL PARK, NY US","2016-06-24","0.00","0.0","0.0",,"84","67"
"USW00094728","NY CITY CENTRAL PARK, NY US","2016-06-25","0.00","0.0","0.0",,"86","64"
"USW00094728","NY CITY CENTRAL PARK, NY US","2016-06-26","0.00","0.0","0.0",,"87","67"
"USW00094728","NY CITY CENTRAL PARK, NY US","2016-06-27","0.45","0.0","0.0",,"83","67"
"USW00094728","NY CITY CENTRAL PARK, NY US","2016-06-28","0.12","0.0","0.0",,"76","68"
"USW00094728","NY CITY CENTRAL PARK, NY US","2016-06-29","0.01","0.0","0.0",,"83","67"
"USW00094728","NY CITY CENTRAL PARK, NY US","2016-06-30","0.00","0.0","0.0",,"85","67"
"USW00094728","NY CITY CENTRAL PARK, NY US","2016-07-01","0.83","0.0","0.0",,"79","66"
"USW00094728","NY CITY CENTRAL PARK, NY US","2016-07-02","0.00","0.0","0.0",,"76","63"
"USW00094728","NY CITY CENTRAL PARK, NY US","2016-07-03","0.00","0.0","0.0",,"78","64"
"USW00094728","NY CITY CENTRAL PARK, NY US","2016-07-04","0.49","0.0","0.0",,"84","66"
"USW00094728","NY CITY CENTRAL PARK, NY US","2016-07-05","0.66","0.0","0.0",,"86","69"
"USW00094728","NY CITY CENTRAL PARK, NY US","2016-07-06","0.00","0.0","0.0",,"91","75"
"USW00094728","NY CITY CENTRAL PARK, NY US","2016-07-07","0.04","0.0","0.0",,"89","77"
"USW00094728","NY CITY CENTRAL PARK, NY US","2016-07-08","0.08","0.0","0.0",,"86","67"
"USW00094728","NY CITY CENTRAL PARK, NY US","2016-07-09","0.53","0.0","0.0",,"72","65"
"USW00094728","NY CITY CENTRAL PARK, NY US","2016-07-10","0.00","0.0","0.0",,"80","66"
"USW00094728","NY CITY CENTRAL PARK, NY US","2016-07-11","0.00","0.0","0.0",,"81","65"
"USW00094728","NY CITY CENTRAL PARK, NY US","2016-07-12","0.00","0.0","0.0",,"82","68"
"USW00094728","NY CITY CENTRAL PARK, NY US","2016-07-13","0.00","0.0","0.0",,"85","71"
"USW00094728","NY CITY CENTRAL PARK, NY US","2016-07-14","0.62","0.0","0.0",,"88","73"
"USW00094728","NY CITY CENTRAL PARK, NY US","2016-07-15","0.00","0.0","0.0",,"88","79"
"USW00094728","NY CITY CENTRAL PARK, NY US","2016-07-16","0.00","0.0","0.0",,"90","75"
"USW00094728","NY CITY CENTRAL PARK, NY US","2016-07-17","0.00","0.0","0.0",,"89","75"
"USW00094728","NY CITY CENTRAL PARK, NY US","2016-07-18","0.35","0.0","0.0",,"93","72"
"USW00094728","NY CITY CENTRAL PARK, NY US","2016-07-19","0.00","0.0","0.0",,"83","73"
"USW00094728","NY CITY CENTRAL PARK, NY US","2016-07-20","0.00","0.0","0.0",,"85","68"
"USW00094728","NY CITY CENTRAL PARK, NY US","2016-07-21","0.00","0.0","0.0",,"90","71"
"USW00094728","NY CITY CENTRAL PARK, NY US","2016-07-22","0.00","0.0","0.0",,"94","74"
"USW00094728","NY CITY CENTRAL PARK, NY US","2016-07-23","0.00","0.0","0.0",,"96","80"
"USW00094728","NY CITY CENTRAL PARK, NY US","2016-07-24","0.00","0.0","0.0",,"94","75"
"USW00094728","NY CITY CENTRAL PARK, NY US","2016-07-25","1.00","0.0","0.0",,"93","73"
"USW00094728","NY CITY CENTRAL PARK, NY US","2016-07-26","0.00","0.0","0.0",,"89","72"
"USW00094728","NY CITY CENTRAL PARK, NY US","2016-07-27","0.00","0.0","0.0",,"91","74"
"USW00094728","NY CITY CENTRAL PARK, NY US","2016-07-28","0.00","0.0","0.0",,"95","75"
"USW00094728","NY CITY CENTRAL PARK, NY US","2016-07-29","1.09","0.0","0.0",,"85","69"
"USW00094728","NY CITY CENTRAL PARK, NY US","2016-07-30","0.25","0.0","0.0",,"84","73"
"USW00094728","NY CITY CENTRAL PARK, NY US","2016-07-31","1.08","0.0","0.0",,"78","71"
"USW00094728","NY CITY CENTRAL PARK, NY US","2016-08-01","0.00","0.0","0.0",,"80","69"
"USW00094728","NY CITY CENTRAL PARK, NY US","2016-08-02","0.00","0.0","0.0",,"79","68"
"USW00094728","NY CITY CENTRAL PARK, NY US","2016-08-03","0.00","0.0","0.0",,"80","66"
"USW00094728","NY CITY CENTRAL PARK, NY US","2016-08-04","0.00","0.0","0.0",,"81","67"
"USW00094728","NY CITY CENTRAL PARK, NY US","2016-08-05","0.00","0.0","0.0",,"83","69"
"USW00094728","NY CITY CENTRAL PARK, NY US","2016-08-06","0.05","0.0","0.0",,"87","72"
"USW00094728","NY CITY CENTRAL PARK, NY US","2016-08-07","0.00","0.0","0.0",,"86","70"
"USW00094728","NY CITY CENTRAL PARK, NY US","2016-08-08","0.00","0.0","0.0",,"86","71"
"USW00094728","NY CITY CENTRAL PARK, NY US","2016-08-09","0.00","0.0","0.0",,"87","71"
"USW00094728","NY CITY CENTRAL PARK, NY US","2016-08-10","0.09","0.0","0.0",,"86","75"
"USW00094728","NY CITY CENTRAL PARK, NY US","2016-08-11","0.15","0.0","0.0",,"91","74"
"USW00094728","NY CITY CENTRAL PARK, NY US","2016-08-12","0.32","0.0","0.0",,"93","73"
"USW00094728","NY CITY CENTRAL PARK, NY US","2016-08-13","0.00","0.0","0.0",,"96","81"
"USW00094728","NY CITY CENTRAL PARK, NY US","2016-08-14","0.06","0.0","0.0",,"94","78"
"USW00094728","NY CITY CENTRAL PARK, NY US","2016-08-15","0.00","0.0","0.0",,"92","77"
"USW00094728","NY CITY CENTRAL PARK, NY US","2016-08-16","0.11","0.0","0.0",,"87","78"
"USW00094728","NY CITY CENTRAL PARK, NY US","2016-08-17","0.01","0.0","0.0",,"85","77"
"USW00094728","NY CITY CENTRAL PARK, NY US","2016-08-18","0.03","0.0","0.0",,"85","72"
"USW00094728","NY CITY CENTRAL PARK, NY US","2016-08-19","0.01","0.0","0.0",,"88","74"
"USW00094728","NY CITY CENTRAL PARK, NY US","2016-08-20","0.82","0.0","0.0",,"83","70"
"USW00094728","NY CITY CENTRAL PARK, NY US","2016-08-21","0.31","0.0","0.0",,"86","73"
"USW00094728","NY CITY CENTRAL PARK, NY US","2016-08-22","0.00","0.0","0.0",,"79","65"
"USW00094728","NY CITY CENTRAL PARK, NY US","2016-08-23","0.00","0.0","0.0",,"82","61"
"USW00094728","NY CITY CENTRAL PARK, NY US","2016-08-24","0.00","0.0","0.0",,"88","68"
"USW00094728","NY CITY CENTRAL PARK, NY US","2016-08-25","0.01","0.0","0.0",,"86","69"
"USW00094728","NY CITY CENTRAL PARK, NY US","2016-08-26","0.00","0.0","0.0",,"90","75"
"USW00094728","NY CITY CENTRAL PARK, NY US","2016-08-27","0.00","0.0","0.0",,"89","73"
"USW00094728","NY CITY CENTRAL PARK, NY US","2016-08-28","0.00","0.0","0.0",,"89","72"
"USW00094728","NY CITY CENTRAL PARK, NY US","2016-08-29","0.00","0.0","0.0",,"91","74"
"USW00094728","NY CITY CENTRAL PARK, NY US","2016-08-30","0.00","0.0","0.0",,"86","69"
"USW00094728","NY CITY CENTRAL PARK, NY US","2016-08-31","0.00","0.0","0.0",,"89","74"
"USW00094728","NY CITY CENTRAL PARK, NY US","2016-09-01","0.50","0.0","0.0",,"79","69"
"USW00094728","NY CITY CENTRAL PARK, NY US","2016-09-02","0.00","0.0","0.0",,"81","66"
"USW00094728","NY CITY CENTRAL PARK, NY US","2016-09-03","0.00","0.0","0.0",,"75","66"
"USW00094728","NY CITY CENTRAL PARK, NY US","2016-09-04","0.00","0.0","0.0",,"80","65"
"USW00094728","NY CITY CENTRAL PARK, NY US","2016-09-05","0.00","0.0","0.0",,"84","65"
"USW00094728","NY CITY CENTRAL PARK, NY US","2016-09-06","0.00","0.0","0.0",,"80","71"
"USW00094728","NY CITY CENTRAL PARK, NY US","2016-09-07","0.00","0.0","0.0",,"85","71"
"USW00094728","NY CITY CENTRAL PARK, NY US","2016-09-08","0.00","0.0","0.0",,"89","71"
"USW00094728","NY CITY CENTRAL PARK, NY US","2016-09-09","0.22","0.0","0.0",,"91","75"
"USW00094728","NY CITY CENTRAL PARK, NY US","2016-09-10","0.00","0.0","0.0",,"90","74"
"USW00094728","NY CITY CENTRAL PARK, NY US","2016-09-11","0.00","0.0","0.0",,"83","67"
"USW00094728","NY CITY CENTRAL PARK, NY US","2016-09-12","0.00","0.0","0.0",,"78","62"
"USW00094728","NY CITY CENTRAL PARK, NY US","2016-09-13","0.00","0.0","0.0",,"83","64"
"USW00094728","NY CITY CENTRAL PARK, NY US","2016-09-14","0.56","0.0","0.0",,"91","67"
"USW00094728","NY CITY CENTRAL PARK, NY US","2016-09-15","0.00","0.0","0.0",,"74","61"
"USW00094728","NY CITY CENTRAL PARK, NY US","2016-09-16","0.00","0.0","0.0",,"73","61"
"USW00094728","NY CITY CENTRAL PARK, NY US","2016-09-17","0.00","0.0","0.0",,"77","59"
"USW00094728","NY CITY CENTRAL PARK, NY US","2016-09-18","0.00","0.0","0.0",,"82","70"
"USW00094728","NY CITY CENTRAL PARK, NY US","2016-09-19","0.68","0.0","0.0",,"76","69"
"USW00094728","NY CITY CENTRAL PARK, NY US","2016-09-20","0.00","0.0","0.0",,"82","68"
"USW00094728","NY CITY CENTRAL PARK, NY US","2016-09-21","0.00","0.0","0.0",,"84","68"
"USW00094728","NY CITY CENTRAL PARK, NY US","2016-09-22","0.00","0.0","0.0",,"86","65"
"USW00094728","NY CITY CENTRAL PARK, NY US","2016-09-23","0.01","0.0","0.0",,"87","64"
"USW00094728","NY CITY CENTRAL PARK, NY US","2016-09-24","0.20","0.0","0.0",,"71","58"
"USW00094728","NY CITY CENTRAL PARK, NY US","2016-09-25","0.00","0.0","0.0",,"70","54"
"USW00094728","NY CITY CENTRAL PARK, NY US","2016-09-26","0.00","0.0","0.0",,"74","54"
"USW00094728","NY CITY CENTRAL PARK, NY US","2016-09-27","0.22","0.0","0.0",,"74","64"
"USW00094728","NY CITY CENTRAL PARK, NY US","2016-09-28","0.00","0.0","0.0",,"69","56"
"USW00094728","NY CITY CENTRAL PARK, NY US","2016-09-29","0.00","0.0","0.0",,"64","57"
"USW00094728","NY CITY CENTRAL PARK, NY US","2016-09-30","0.40","0.0","0.0",,"59","56"
"USW00094728","NY CITY CENTRAL PARK, NY US","2016-10-01","0.00","0.0","0.0",,"62","56"
"USW00094728","NY CITY CENTRAL PARK, NY US","2016-10-02","0.00","0.0","0.0",,"63","57"
"USW00094728","NY CITY CENTRAL PARK, NY US","2016-10-03","0.00","0.0","0.0",,"72","60"
"USW00094728","NY CITY CENTRAL PARK, NY US","2016-10-04","0.00","0.0","0.0",,"69","60"
"USW00094728","NY CITY CENTRAL PARK, NY US","2016-10-05","0.00","0.0","0.0",,"67","53"
"USW00094728","NY CITY CENTRAL PARK, NY US","2016-10-06","0.00","0.0","0.0",,"73","55"
"USW00094728","NY CITY CENTRAL PARK, NY US","2016-10-07","0.00","0.0","0.0",,"75","57"
"USW00094728","NY CITY CENTRAL PARK, NY US","2016-10-08","0.23","0.0","0.0",,"68","58"
"USW00094728","NY CITY CENTRAL PARK, NY US","2016-10-09","0.55","0.0","0.0",,"65","51"
"USW00094728","NY CITY CENTRAL PARK, NY US","2016-10-10","0.00","0.0","0.0",,"64","47"
"USW00094728","NY CITY CENTRAL PARK, NY US","2016-10-11","0.00","0.0","0.0",,"63","46"
"USW00094728","NY CITY CENTRAL PARK, NY US","2016-10-12","0.00","0.0","0.0",,"66","53"
"USW00094728","NY CITY CENTRAL PARK, NY US","2016-10-13","0.00","0.0","0.0",,"67","53"
"USW00094728","NY CITY CENTRAL PARK, NY US","2016-10-14","0.00","0.0","0.0",,"62","47"
"USW00094728","NY CITY CENTRAL PARK, NY US","2016-10-15","0.00","0.0","0.0",,"65","45"
"USW00094728","NY CITY CENTRAL PARK, NY US","2016-10-16","0.00","0.0","0.0",,"69","53"
"USW00094728","NY CITY CENTRAL PARK, NY US","2016-10-17","0.00","0.0","0.0",,"81","63"
"USW00094728","NY CITY CENTRAL PARK, NY US","2016-10-18","0.00","0.0","0.0",,"81","67"
"USW00094728","NY CITY CENTRAL PARK, NY US","2016-10-19","0.00","0.0","0.0",,"85","65"
"USW00094728","NY CITY CENTRAL PARK, NY US","2016-10-20","0.00","0.0","0.0",,"70","62"
"USW00094728","NY CITY CENTRAL PARK, NY US","2016-10-21","1.11","0.0","0.0",,"69","57"
"USW00094728","NY CITY CENTRAL PARK, NY US","2016-10-22","0.29","0.0","0.0",,"57","47"
"USW00094728","NY CITY CENTRAL PARK, NY US","2016-10-23","0.00","0.0","0.0",,"61","45"
"USW00094728","NY CITY CENTRAL PARK, NY US","2016-10-24","0.00","0.0","0.0",,"62","47"
"USW00094728","NY CITY CENTRAL PARK, NY US","2016-10-25","0.00","0.0","0.0",,"52","43"
"USW00094728","NY CITY CENTRAL PARK, NY US","2016-10-26","0.00","0.0","0.0",,"51","38"
"USW00094728","NY CITY CENTRAL PARK, NY US","2016-10-27","1.41","0.0","0.0",,"55","40"
"USW00094728","NY CITY CENTRAL PARK, NY US","2016-10-28","0.00","0.0","0.0",,"51","42"
"USW00094728","NY CITY CENTRAL PARK, NY US","2016-10-29","0.00","0.0","0.0",,"64","39"
"USW00094728","NY CITY CENTRAL PARK, NY US","2016-10-30","0.56","0.0","0.0",,"76","54"
"USW00094728","NY CITY CENTRAL PARK, NY US","2016-10-31","0.00","0.0","0.0",,"54","44"
"USW00094728","NY CITY CENTRAL PARK, NY US","2016-11-01","0.00","0.0","0.0",,"58","40"
"USW00094728","NY CITY CENTRAL PARK, NY US","2016-11-02","0.00","0.0","0.0",,"70","54"
"USW00094728","NY CITY CENTRAL PARK, NY US","2016-11-03","0.00","0.0","0.0",,"72","57"
"USW00094728","NY CITY CENTRAL PARK, NY US","2016-11-04","0.00","0.0","0.0",,"61","47"
"USW00094728","NY CITY CENTRAL PARK, NY US","2016-11-05","0.00","0.0","0.0",,"62","44"
"USW00094728","NY CITY CENTRAL PARK, NY US","2016-11-06","0.00","0.0","0.0",,"59","45"
"USW00094728","NY CITY CENTRAL PARK, NY US","2016-11-07","0.00","0.0","0.0",,"53","41"
"USW00094728","NY CITY CENTRAL PARK, NY US","2016-11-08","0.00","0.0","0.0",,"66","41"
"USW00094728","NY CITY CENTRAL PARK, NY US","2016-11-09","0.06","0.0","0.0",,"59","49"
"USW00094728","NY CITY CENTRAL PARK, NY US","2016-11-10","0.00","0.0","0.0",,"56","40"
"USW00094728","NY CITY CENTRAL PARK, NY US","2016-11-11","0.00","0.0","0.0",,"63","41"
"USW00094728","NY CITY CENTRAL PARK, NY US","2016-11-12","0.00","0.0","0.0",,"50","37"
"USW00094728","NY CITY CENTRAL PARK, NY US","2016-11-13","0.00","0.0","0.0",,"61","41"
"USW00094728","NY CITY CENTRAL PARK, NY US","2016-11-14","0.00","0.0","0.0",,"62","46"
"USW00094728","NY CITY CENTRAL PARK, NY US","2016-11-15","1.81","0.0","0.0",,"56","47"
"USW00094728","NY CITY CENTRAL PARK, NY US","2016-11-16","0.00","0.0","0.0",,"61","45"
"USW00094728","NY CITY CENTRAL PARK, NY US","2016-11-17","0.00","0.0","0.0",,"61","49"
"USW00094728","NY CITY CENTRAL PARK, NY US","2016-11-18","0.00","0.0","0.0",,"64","44"
"USW00094728","NY CITY CENTRAL PARK, NY US","2016-11-19","0.25","0.0","0.0",,"63","37"
"USW00094728","NY CITY CENTRAL PARK, NY US","2016-11-20","0.31","0.0","0.0",,"42","34"
"USW00094728","NY CITY CENTRAL PARK, NY US","2016-11-21","0.00","0.0","0.0",,"41","36"
"USW00094728","NY CITY CENTRAL PARK, NY US","2016-11-22","0.00","0.0","0.0",,"41","37"
"USW00094728","NY CITY CENTRAL PARK, NY US","2016-11-23","0.00","0.0","0.0",,"45","35"
"USW00094728","NY CITY CENTRAL PARK, NY US","2016-11-24","0.03","0.0","0.0",,"48","38"
"USW00094728","NY CITY CENTRAL PARK, NY US","2016-11-25","0.02","0.0","0.0",,"54","45"
"USW00094728","NY CITY CENTRAL PARK, NY US","2016-11-26","0.00","0.0","0.0",,"50","40"
"USW00094728","NY CITY CENTRAL PARK, NY US","2016-11-27","0.00","0.0","0.0",,"50","39"
"USW00094728","NY CITY CENTRAL PARK, NY US","2016-11-28","0.00","0.0","0.0",,"52","38"
"USW00094728","NY CITY CENTRAL PARK, NY US","2016-11-29","2.20","0.0","0.0",,"60","51"
"USW00094728","NY CITY CENTRAL PARK, NY US","2016-11-30","0.73","0.0","0.0",,"58","50"
"USW00094728","NY CITY CENTRAL PARK, NY US","2016-12-01","0.07","0.0","0.0",,"54","42"
"USW00094728","NY CITY CENTRAL PARK, NY US","2016-12-02","0.00","0.0","0.0",,"51","40"
"USW00094728","NY CITY CENTRAL PARK, NY US","2016-12-03","0.00","0.0","0.0",,"47","41"
"USW00094728","NY CITY CENTRAL PARK, NY US","2016-12-04","0.00","0.0","0.0",,"47","39"
"USW00094728","NY CITY CENTRAL PARK, NY US","2016-12-05","0.19","0.0","0.0",,"49","38"
"USW00094728","NY CITY CENTRAL PARK, NY US","2016-12-06","0.35","0.0","0.0",,"46","37"
"USW00094728","NY CITY CENTRAL PARK, NY US","2016-12-07","0.09","0.0","0.0",,"46","40"
"USW00094728","NY CITY CENTRAL PARK, NY US","2016-12-08","0.00","0.0","0.0",,"45","35"
"USW00094728","NY CITY CENTRAL PARK, NY US","2016-12-09","0.00","0.0","0.0",,"39","29"
"USW00094728","NY CITY CENTRAL PARK, NY US","2016-12-10","0.00","0.0","0.0",,"35","28"
"USW00094728","NY CITY CENTRAL PARK, NY US","2016-12-11","0.03","0.4","0.0",,"35","28"
"USW00094728","NY CITY CENTRAL PARK, NY US","2016-12-12","0.50","0.0","0.0",,"46","34"
"USW00094728","NY CITY CENTRAL PARK, NY US","2016-12-13","0.00","0.0","0.0",,"43","35"
"USW00094728","NY CITY CENTRAL PARK, NY US","2016-12-14","0.00","0.0","0.0",,"42","34"
"USW00094728","NY CITY CENTRAL PARK, NY US","2016-12-15","0.00","0.0","0.0",,"34","19"
"USW00094728","NY CITY CENTRAL PARK, NY US","2016-12-16","0.00","0.0","0.0",,"27","17"
"USW00094728","NY CITY CENTRAL PARK, NY US","2016-12-17","0.73","2.8","2.0",,"39","24"
"USW00094728","NY CITY CENTRAL PARK, NY US","2016-12-18","0.04","0.0","1.2",,"58","31"
"USW00094728","NY CITY CENTRAL PARK, NY US","2016-12-19","0.00","0.0","0.0",,"31","23"
"USW00094728","NY CITY CENTRAL PARK, NY US","2016-12-20","0.00","0.0","0.0",,"33","20"
"USW00094728","NY CITY CENTRAL PARK, NY US","2016-12-21","0.00","0.0","0.0",,"40","30"
"USW00094728","NY CITY CENTRAL PARK, NY US","2016-12-22","0.00","0.0","0.0",,"49","37"
"USW00094728","NY CITY CENTRAL PARK, NY US","2016-12-23","0.00","0.0","0.0",,"47","38"
"USW00094728","NY CITY CENTRAL PARK, NY US","2016-12-24","0.47","0.0","0.0",,"47","38"
"USW00094728","NY CITY CENTRAL PARK, NY US","2016-12-25","0.00","0.0","0.0",,"50","36"
"USW00094728","NY CITY CENTRAL PARK, NY US","2016-12-26","0.02","0.0","0.0",,"50","33"
"USW00094728","NY CITY CENTRAL PARK, NY US","2016-12-27","0.00","0.0","0.0",,"60","40"
"USW00094728","NY CITY CENTRAL PARK, NY US","2016-12-28","0.00","0.0","0.0",,"40","34"
"USW00094728","NY CITY CENTRAL PARK, NY US","2016-12-29","0.39","0.0","0.0",,"46","33"
"USW00094728","NY CITY CENTRAL PARK, NY US","2016-12-30","0.01","0.0","0.0",,"40","33"
"USW00094728","NY CITY CENTRAL PARK, NY US","2016-12-31","0.00","0.0","0.0",,"44","31"
"USW00094728","NY CITY CENTRAL PARK, NY US","2017-01-01","0.00","0.0","0.0",,"48","40"
"USW00094728","NY CITY CENTRAL PARK, NY US","2017-01-02","0.21","0.0","0.0",,"41","37"
"USW00094728","NY CITY CENTRAL PARK, NY US","2017-01-03","0.58","0.0","0.0",,"43","39"
"USW00094728","NY CITY CENTRAL PARK, NY US","2017-01-04","0.00","0.0","0.0",,"52","34"
"USW00094728","NY CITY CENTRAL PARK, NY US","2017-01-05","0.00","0.0","0.0",,"34","27"
"USW00094728","NY CITY CENTRAL PARK, NY US","2017-01-06","0.05","1.2","1.2",,"33","25"
"USW00094728","NY CITY CENTRAL PARK, NY US","2017-01-07","0.32","5.1","0.0",,"26","20"
"USW00094728","NY CITY CENTRAL PARK, NY US","2017-01-08","0.00","0.0","3.9",,"25","16"
"USW00094728","NY CITY CENTRAL PARK, NY US","2017-01-09","0.00","0.0","3.1",,"23","14"
"USW00094728","NY CITY CENTRAL PARK, NY US","2017-01-10","0.00","0.0","3.1",,"46","21"
"USW00094728","NY CITY CENTRAL PARK, NY US","2017-01-11","0.52","0.0","0.0",,"52","42"
"USW00094728","NY CITY CENTRAL PARK, NY US","2017-01-12","0.05","0.0","0.0",,"66","47"
"USW00094728","NY CITY CENTRAL PARK, NY US","2017-01-13","0.00","0.0","0.0",,"62","32"
"USW00094728","NY CITY CENTRAL PARK, NY US","2017-01-14","0.12","0.6","0.0",,"34","28"
"USW00094728","NY CITY CENTRAL PARK, NY US","2017-01-15","0.00","0.0","1.2",,"38","30"
"USW00094728","NY CITY CENTRAL PARK, NY US","2017-01-16","0.00","0.0","0.0",,"43","30"
"USW00094728","NY CITY CENTRAL PARK, NY US","2017-01-17","0.35","0.0","0.0",,"42","38"
"USW00094728","NY CITY CENTRAL PARK, NY US","2017-01-18","0.06","0.0","0.0",,"41","38"
"USW00094728","NY CITY CENTRAL PARK, NY US","2017-01-19","0.00","0.0","0.0",,"49","39"
"USW00094728","NY CITY CENTRAL PARK, NY US","2017-01-20","0.10","0.0","0.0",,"45","40"
"USW00094728","NY CITY CENTRAL PARK, NY US","2017-01-21","0.00","0.0","0.0",,"49","41"
"USW00094728","NY CITY CENTRAL PARK, NY US","2017-01-22","0.05","0.0","0.0",,"48","43"
"USW00094728","NY CITY CENTRAL PARK, NY US","2017-01-23","1.16","0.0","0.0",,"44","36"
"USW00094728","NY CITY CENTRAL PARK, NY US","2017-01-24","1.18","0.0","0.0",,"38","35"
"USW00094728","NY CITY CENTRAL PARK, NY US","2017-01-25","0.00","0.0","0.0",,"51","36"
"USW00094728","NY CITY CENTRAL PARK, NY US","2017-01-26","0.02","0.0","0.0",,"56","43"
"USW00094728","NY CITY CENTRAL PARK, NY US","2017-01-27","0.00","0.0","0.0",,"43","36"
"USW00094728","NY CITY CENTRAL PARK, NY US","2017-01-28","0.00","0.0","0.0",,"39","34"
"USW00094728","NY CITY CENTRAL PARK, NY US","2017-01-29","0.00","0.0","0.0",,"43","35"
"USW00094728","NY CITY CENTRAL PARK, NY US","2017-01-30","0.00","0.0","0.0",,"37","30"
"USW00094728","NY CITY CENTRAL PARK, NY US","2017-01-31","0.06","1.0","0.0",,"34","26"
"USW00094728","NY CITY CENTRAL PARK, NY US","2017-02-01","0.00","0.0","0.0",,"47","33"
"USW00094728","NY CITY CENTRAL PARK, NY US","2017-02-02","0.00","0.0","0.0",,"45","32"
"USW00094728","NY CITY CENTRAL PARK, NY US","2017-02-03","0.00","0.0","0.0",,"33","26"
"USW00094728","NY CITY CENTRAL PARK, NY US","2017-02-04","0.00","0.0","0.0",,"34","22"
"USW00094728","NY CITY CENTRAL PARK, NY US","2017-02-05","0.00","0.0","0.0",,"43","31"
"USW00094728","NY CITY CENTRAL PARK, NY US","2017-02-06","0.00","0.0","0.0",,"49","36"
"USW00094728","NY CITY CENTRAL PARK, NY US","2017-02-07","0.27","0.0","0.0",,"42","36"
"USW00094728","NY CITY CENTRAL PARK, NY US","2017-02-08","0.03","0.0","0.0",,"62","38"
"USW00094728","NY CITY CENTRAL PARK, NY US","2017-02-09","1.16","9.4","2.0",,"44","19"
"USW00094728","NY CITY CENTRAL PARK, NY US","2017-02-10","0.00","0.0","7.9",,"32","19"
"USW00094728","NY CITY CENTRAL PARK, NY US","2017-02-11","0.00","0.0","5.1",,"48","30"
"USW00094728","NY CITY CENTRAL PARK, NY US","2017-02-12","0.46","0.0","2.0",,"40","30"
"USW00094728","NY CITY CENTRAL PARK, NY US","2017-02-13","0.02","0.0","2.0",,"39","31"
"USW00094728","NY CITY CENTRAL PARK, NY US","2017-02-14","0.00","0.0","2.0",,"41","28"
"USW00094728","NY CITY CENTRAL PARK, NY US","2017-02-15","0.00","0.0","0.0",,"47","35"
"USW00094728","NY CITY CENTRAL PARK, NY US","2017-02-16","0.00","0.0","0.0",,"35","28"
"USW00094728","NY CITY CENTRAL PARK, NY US","2017-02-17","0.00","0.0","0.0",,"41","26"
"USW00094728","NY CITY CENTRAL PARK, NY US","2017-02-18","0.00","0.0","0.0",,"63","35"
"USW00094728","NY CITY CENTRAL PARK, NY US","2017-02-19","0.00","0.0","0.0",,"65","53"
"USW00094728","NY CITY CENTRAL PARK, NY US","2017-02-20","0.00","0.0","0.0",,"55","39"
"USW00094728","NY CITY CENTRAL PARK, NY US","2017-02-21","0.00","0.0","0.0",,"47","34"
"USW00094728","NY CITY CENTRAL PARK, NY US","2017-02-22","0.00","0.0","0.0",,"57","42"
"USW00094728","NY CITY CENTRAL PARK, NY US","2017-02-23","0.00","0.0","0.0",,"65","44"
"USW00094728","NY CITY CENTRAL PARK, NY US","2017-02-24","0.00","0.0","0.0",,"70","58"
"USW00094728","NY CITY CENTRAL PARK, NY US","2017-02-25","0.54","0.0","0.0",,"63","44"
"USW00094728","NY CITY CENTRAL PARK, NY US","2017-02-26","0.00","0.0","0.0",,"44","36"
"USW00094728","NY CITY CENTRAL PARK, NY US","2017-02-27","0.00","0.0","0.0",,"54","35"
"USW00094728","NY CITY CENTRAL PARK, NY US","2017-02-28","0.00","0.0","0.0",,"59","47"
"USW00094728","NY CITY CENTRAL PARK, NY US","2017-03-01","0.12","0.0","0.0",,"70","54"
"USW00094728","NY CITY CENTRAL PARK, NY US","2017-03-02","0.00","0.0","0.0",,"64","35"
"USW00094728","NY CITY CENTRAL PARK, NY US","2017-03-03","0.00","0.0","0.0",,"39","24"
"USW00094728","NY CITY CENTRAL PARK, NY US","2017-03-04","0.00","0.0","0.0",,"30","17"
"USW00094728","NY CITY CENTRAL PARK, NY US","2017-03-05","0.00","0.0","0.0",,"37","14"
"USW00094728","NY CITY CENTRAL PARK, NY US","2017-03-06","0.00","0.0","0.0",,"45","26"
"USW00094728","NY CITY CENTRAL PARK, NY US","2017-03-07","0.10","0.0","0.0",,"56","42"
"USW00094728","NY CITY CENTRAL PARK, NY US","2017-03-08","0.02","0.0","0.0",,"59","47"
"USW00094728","NY CITY CENTRAL PARK, NY US","2017-03-09","0.00","0.0","0.0",,"61","47"
"USW00094728","NY CITY CENTRAL PARK, NY US","2017-03-10","0.31","2.1","0.0",,"47","23"
"USW00094728","NY CITY CENTRAL PARK, NY US","2017-03-11","0.00","0.0","1.2",,"29","17"
"USW00094728","NY CITY CENTRAL PARK, NY US","2017-03-12","0.00","0.0","0.0",,"29","19"
"USW00094728","NY CITY CENTRAL PARK, NY US","2017-03-13","0.00","0.0","0.0",,"36","20"
"USW00094728","NY CITY CENTRAL PARK, NY US","2017-03-14","1.97","7.6","3.9",,"32","21"
"USW00094728","NY CITY CENTRAL PARK, NY US","2017-03-15","0.00","0.0","5.9",,"26","20"
"USW00094728","NY CITY CENTRAL PARK, NY US","2017-03-16","0.00","0.0","5.1",,"39","24"
"USW00094728","NY CITY CENTRAL PARK, NY US","2017-03-17","0.00","0.0","3.9",,"47","29"
"USW00094728","NY CITY CENTRAL PARK, NY US","2017-03-18","0.08","0.0","3.1",,"39","34"
"USW00094728","NY CITY CENTRAL PARK, NY US","2017-03-19","0.00","0.0","3.1",,"47","34"
"USW00094728","NY CITY CENTRAL PARK, NY US","2017-03-20","0.00","0.0","0.0",,"52","33"
"USW00094728","NY CITY CENTRAL PARK, NY US","2017-03-21","0.00","0.0","0.0",,"59","42"
"USW00094728","NY CITY CENTRAL PARK, NY US","2017-03-22","0.00","0.0","0.0",,"50","24"
"USW00094728","NY CITY CENTRAL PARK, NY US","2017-03-23","0.00","0.0","0.0",,"42","23"
"USW00094728","NY CITY CENTRAL PARK, NY US","2017-03-24","0.00","0.0","0.0",,"57","36"
"USW00094728","NY CITY CENTRAL PARK, NY US","2017-03-25","0.01","0.0","0.0",,"62","42"
"USW00094728","NY CITY CENTRAL PARK, NY US","2017-03-26","0.14","0.0","0.0",,"42","37"
"USW00094728","NY CITY CENTRAL PARK, NY US","2017-03-27","0.26","0.0","0.0",,"53","37"
"USW00094728","NY CITY CENTRAL PARK, NY US","2017-03-28","0.72","0.0","0.0",,"46","41"
"USW00094728","NY CITY CENTRAL PARK, NY US","2017-03-29","0.00","0.0","0.0",,"60","42"
"USW00094728","NY CITY CENTRAL PARK, NY US","2017-03-30","0.01","0.0","0.0",,"52","38"
"USW00094728","NY CITY CENTRAL PARK, NY US","2017-03-31","1.51","0.0","0.0",,"43","37"
"USW00094728","NY CITY CENTRAL PARK, NY US","2017-04-01","0.00","0.0","0.0",,"48","37"
"USW00094728","NY CITY CENTRAL PARK, NY US","2017-04-02","0.00","0.0","0.0",,"63","40"
"USW00094728","NY CITY CENTRAL PARK, NY US","2017-04-03","0.03","0.0","0.0",,"63","48"
"USW00094728","NY CITY CENTRAL PARK, NY US","2017-04-04","1.18","0.0","0.0",,"51","45"
"USW00094728","NY CITY CENTRAL PARK, NY US","2017-04-05","0.00","0.0","0.0",,"65","45"
"USW00094728","NY CITY CENTRAL PARK, NY US","2017-04-06","0.73","0.0","0.0",,"53","40"
"USW00094728","NY CITY CENTRAL PARK, NY US","2017-04-07","0.00","0.0","0.0",,"51","40"
"USW00094728","NY CITY CENTRAL PARK, NY US","2017-04-08","0.00","0.0","0.0",,"57","40"
"USW00094728","NY CITY CENTRAL PARK, NY US","2017-04-09","0.00","0.0","0.0",,"67","45"
"USW00094728","NY CITY CENTRAL PARK, NY US","2017-04-10","0.00","0.0","0.0",,"74","53"
"USW00094728","NY CITY CENTRAL PARK, NY US","2017-04-11","0.00","0.0","0.0",,"80","61"
"USW00094728","NY CITY CENTRAL PARK, NY US","2017-04-12","0.02","0.0","0.0",,"76","58"
"USW00094728","NY CITY CENTRAL PARK, NY US","2017-04-13","0.00","0.0","0.0",,"65","48"
"USW00094728","NY CITY CENTRAL PARK, NY US","2017-04-14","0.00","0.0","0.0",,"66","48"
"USW00094728","NY CITY CENTRAL PARK, NY US","2017-04-15","0.00","0.0","0.0",,"65","51"
"USW00094728","NY CITY CENTRAL PARK, NY US","2017-04-16","0.00","0.0","0.0",,"87","59"
"USW00094728","NY CITY CENTRAL PARK, NY US","2017-04-17","0.00","0.0","0.0",,"74","58"
"USW00094728","NY CITY CENTRAL PARK, NY US","2017-04-18","0.00","0.0","0.0",,"65","47"
"USW00094728","NY CITY CENTRAL PARK, NY US","2017-04-19","0.00","0.0","0.0",,"54","45"
"USW00094728","NY CITY CENTRAL PARK, NY US","2017-04-20","0.17","0.0","0.0",,"66","50"
"USW00094728","NY CITY CENTRAL PARK, NY US","2017-04-21","0.29","0.0","0.0",,"53","48"
"USW00094728","NY CITY CENTRAL PARK, NY US","2017-04-22","0.11","0.0","0.0",,"57","49"
"USW00094728","NY CITY CENTRAL PARK, NY US","2017-04-23","0.00","0.0","0.0",,"66","46"
"USW00094728","NY CITY CENTRAL PARK, NY US","2017-04-24","0.00","0.0","0.0",,"60","48"
"USW00094728","NY CITY CENTRAL PARK, NY US","2017-04-25","0.91","0.0","0.0",,"54","49"
"USW00094728","NY CITY CENTRAL PARK, NY US","2017-04-26","0.34","0.0","0.0",,"60","53"
"USW00094728","NY CITY CENTRAL PARK, NY US","2017-04-27","0.00","0.0","0.0",,"70","57"
"USW00094728","NY CITY CENTRAL PARK, NY US","2017-04-28","0.00","0.0","0.0",,"85","58"
"USW00094728","NY CITY CENTRAL PARK, NY US","2017-04-29","0.06","0.0","0.0",,"85","64"
"USW00094728","NY CITY CENTRAL PARK, NY US","2017-04-30","0.00","0.0","0.0",,"67","52"
"USW00094728","NY CITY CENTRAL PARK, NY US","2017-05-01","0.00","0.0","0.0",,"74","49"
"USW00094728","NY CITY CENTRAL PARK, NY US","2017-05-02","0.00","0.0","0.0",,"75","62"
"USW00094728","NY CITY CENTRAL PARK, NY US","2017-05-03","0.00","0.0","0.0",,"65","51"
"USW00094728","NY CITY CENTRAL PARK, NY US","2017-05-04","0.00","0.0","0.0",,"64","47"
"USW00094728","NY CITY CENTRAL PARK, NY US","2017-05-05","3.02","0.0","0.0",,"59","51"
"USW00094728","NY CITY CENTRAL PARK, NY US","2017-05-06","0.18","0.0","0.0",,"67","52"
"USW00094728","NY CITY CENTRAL PARK, NY US","2017-05-07","0.01","0.0","0.0",,"56","47"
"USW00094728","NY CITY CENTRAL PARK, NY US","2017-05-08","0.00","0.0","0.0",,"57","44"
"USW00094728","NY CITY CENTRAL PARK, NY US","2017-05-09","0.00","0.0","0.0",,"63","47"
"USW00094728","NY CITY CENTRAL PARK, NY US","2017-05-10","0.00","0.0","0.0",,"63","49"
"USW00094728","NY CITY CENTRAL PARK, NY US","2017-05-11","0.00","0.0","0.0",,"62","51"
"USW00094728","NY CITY CENTRAL PARK, NY US","2017-05-12","0.00","0.0","0.0",,"65","48"
"USW00094728","NY CITY CENTRAL PARK, NY US","2017-05-13","1.61","0.0","0.0",,"53","45"
"USW00094728","NY CITY CENTRAL PARK, NY US","2017-05-14","0.02","0.0","0.0",,"67","46"
"USW00094728","NY CITY CENTRAL PARK, NY US","2017-05-15","0.00","0.0","0.0",,"68","53"
"USW00094728","NY CITY CENTRAL PARK, NY US","2017-05-16","0.00","0.0","0.0",,"79","56"
"USW00094728","NY CITY CENTRAL PARK, NY US","2017-05-17","0.00","0.0","0.0",,"90","65"
"USW00094728","NY CITY CENTRAL PARK, NY US","2017-05-18","0.00","0.0","0.0",,"92","75"
"USW00094728","NY CITY CENTRAL PARK, NY US","2017-05-19","0.00","0.0","0.0",,"91","66"
"USW00094728","NY CITY CENTRAL PARK, NY US","2017-05-20","0.01","0.0","0.0",,"65","55"
"USW00094728","NY CITY CENTRAL PARK, NY US","2017-05-21","0.00","0.0","0.0",,"69","52"
"USW00094728","NY CITY CENTRAL PARK, NY US","2017-05-22","0.59","0.0","0.0",,"61","53"
"USW00094728","NY CITY CENTRAL PARK, NY US","2017-05-23","0.00","0.0","0.0",,"69","56"
"USW00094728","NY CITY CENTRAL PARK, NY US","2017-05-24","0.04","0.0","0.0",,"69","56"
"USW00094728","NY CITY CENTRAL PARK, NY US","2017-05-25","0.58","0.0","0.0",,"59","56"
"USW00094728","NY CITY CENTRAL PARK, NY US","2017-05-26","0.10","0.0","0.0",,"73","56"
"USW00094728","NY CITY CENTRAL PARK, NY US","2017-05-27","0.00","0.0","0.0",,"71","59"
"USW00094728","NY CITY CENTRAL PARK, NY US","2017-05-28","0.00","0.0","0.0",,"71","58"
"USW00094728","NY CITY CENTRAL PARK, NY US","2017-05-29","0.13","0.0","0.0",,"61","56"
"USW00094728","NY CITY CENTRAL PARK, NY US","2017-05-30","0.06","0.0","0.0",,"60","55"
"USW00094728","NY CITY CENTRAL PARK, NY US","2017-05-31","0.03","0.0","0.0",,"75","58"
"USW00094728","NY CITY CENTRAL PARK, NY US","2017-06-01","0.00","0.0","0.0",,"79","59"
"USW00094728","NY CITY CENTRAL PARK, NY US","2017-06-02","0.01","0.0","0.0",,"76","57"
"USW00094728","NY CITY CENTRAL PARK, NY US","2017-06-03","0.01","0.0","0.0",,"73","55"
"USW00094728","NY CITY CENTRAL PARK, NY US","2017-06-04","0.09","0.0","0.0",,"70","56"
"USW00094728","NY CITY CENTRAL PARK, NY US","2017-06-05","0.02","0.0","0.0",,"67","58"
"USW00094728","NY CITY CENTRAL PARK, NY US","2017-06-06","0.06","0.0","0.0",,"58","52"
"USW00094728","NY CITY CENTRAL PARK, NY US","2017-06-07","0.00","0.0","0.0",,"67","51"
"USW00094728","NY CITY CENTRAL PARK, NY US","2017-06-08","0.00","0.0","0.0",,"69","55"
"USW00094728","NY CITY CENTRAL PARK, NY US","2017-06-09","0.00","0.0","0.0",,"80","53"
"USW00094728","NY CITY CENTRAL PARK, NY US","2017-06-10","0.00","0.0","0.0",,"85","66"
"USW00094728","NY CITY CENTRAL PARK, NY US","2017-06-11","0.00","0.0","0.0",,"90","72"
"USW00094728","NY CITY CENTRAL PARK, NY US","2017-06-12","0.00","0.0","0.0",,"93","76"
"USW00094728","NY CITY CENTRAL PARK, NY US","2017-06-13","0.00","0.0","0.0",,"94","77"
"USW00094728","NY CITY CENTRAL PARK, NY US","2017-06-14","0.29","0.0","0.0",,"84","69"
"USW00094728","NY CITY CENTRAL PARK, NY US","2017-06-15","0.00","0.0","0.0",,"76","64"
"USW00094728","NY CITY CENTRAL PARK, NY US","2017-06-16","0.00","0.0","0.0",,"68","63"
"USW00094728","NY CITY CENTRAL PARK, NY US","2017-06-17","1.39","0.0","0.0",,"74","66"
"USW00094728","NY CITY CENTRAL PARK, NY US","2017-06-18","0.00","0.0","0.0",,"85","70"
"USW00094728","NY CITY CENTRAL PARK, NY US","2017-06-19","1.35","0.0","0.0",,"88","70"
"USW00094728","NY CITY CENTRAL PARK, NY US","2017-06-20","0.03","0.0","0.0",,"83","71"
"USW00094728","NY CITY CENTRAL PARK, NY US","2017-06-21","0.00","0.0","0.0",,"83","71"
"USW00094728","NY CITY CENTRAL PARK, NY US","2017-06-22","0.00","0.0","0.0",,"83","68"
"USW00094728","NY CITY CENTRAL PARK, NY US","2017-06-23","0.04","0.0","0.0",,"83","76"
"USW00094728","NY CITY CENTRAL PARK, NY US","2017-06-24","1.29","0.0","0.0",,"84","71"
"USW00094728","NY CITY CENTRAL PARK, NY US","2017-06-25","0.00","0.0","0.0",,"83","68"
"USW00094728","NY CITY CENTRAL PARK, NY US","2017-06-26","0.00","0.0","0.0",,"79","64"
"USW00094728","NY CITY CENTRAL PARK, NY US","2017-06-27","0.18","0.0","0.0",,"77","60"
"USW00094728","NY CITY CENTRAL PARK, NY US","2017-06-28","0.00","0.0","0.0",,"78","61"
"USW00094728","NY CITY CENTRAL PARK, NY US","2017-06-29","0.00","0.0","0.0",,"82","68"
"USW00094728","NY CITY CENTRAL PARK, NY US","2017-06-30","0.00","0.0","0.0",,"88","73"
"USW00094728","NY CITY CENTRAL PARK, NY US","2017-07-01","0.23","0.0","0.0",,"85","71"
"USW00094728","NY CITY CENTRAL PARK, NY US","2017-07-02","0.00","0.0","0.0",,"87","72"
"USW00094728","NY CITY CENTRAL PARK, NY US","2017-07-03","0.45","0.0","0.0",,"88","71"
"USW00094728","NY CITY CENTRAL PARK, NY US","2017-07-04","0.00","0.0","0.0",,"85","70"
"USW00094728","NY CITY CENTRAL PARK, NY US","2017-07-05","0.00","0.0","0.0",,"85","70"
"USW00094728","NY CITY CENTRAL PARK, NY US","2017-07-06","0.00","0.0","0.0",,"77","71"
"USW00094728","NY CITY CENTRAL PARK, NY US","2017-07-07","1.78","0.0","0.0",,"80","68"
"USW00094728","NY CITY CENTRAL PARK, NY US","2017-07-08","0.00","0.0","0.0",,"84","69"
"USW00094728","NY CITY CENTRAL PARK, NY US","2017-07-09","0.00","0.0","0.0",,"81","67"
"USW00094728","NY CITY CENTRAL PARK, NY US","2017-07-10","0.00","0.0","0.0",,"84","68"
"USW00094728","NY CITY CENTRAL PARK, NY US","2017-07-11","0.00","0.0","0.0",,"85","75"
"USW00094728","NY CITY CENTRAL PARK, NY US","2017-07-12","0.00","0.0","0.0",,"88","77"
"USW00094728","NY CITY CENTRAL PARK, NY US","2017-07-13","0.00","0.0","0.0",,"90","73"
"USW00094728","NY CITY CENTRAL PARK, NY US","2017-07-14","0.35","0.0","0.0",,"73","65"
"USW00094728","NY CITY CENTRAL PARK, NY US","2017-07-15","0.00","0.0","0.0",,"84","68"
"USW00094728","NY CITY CENTRAL PARK, NY US","2017-07-16","0.00","0.0","0.0",,"87","68"
"USW00094728","NY CITY CENTRAL PARK, NY US","2017-07-17","0.00","0.0","0.0",,"85","73"
"USW00094728","NY CITY CENTRAL PARK, NY US","2017-07-18","0.00","0.0","0.0",,"88","73"
"USW00094728","NY CITY CENTRAL PARK, NY US","2017-07-19","0.00","0.0","0.0",,"92","77"
"USW00094728","NY CITY CENTRAL PARK, NY US","2017-07-20","0.01","0.0","0.0",,"94","77"
"USW00094728","NY CITY CENTRAL PARK, NY US","2017-07-21","0.00","0.0","0.0",,"92","76"
"USW00094728","NY CITY CENTRAL PARK, NY US","2017-07-22","0.57","0.0","0.0",,"92","71"
"USW00094728","NY CITY CENTRAL PARK, NY US","2017-07-23","0.06","0.0","0.0",,"79","71"
"USW00094728","NY CITY CENTRAL PARK, NY US","2017-07-24","0.74","0.0","0.0",,"73","63"
"USW00094728","NY CITY CENTRAL PARK, NY US","2017-07-25","0.00","0.0","0.0",,"71","62"
"USW00094728","NY CITY CENTRAL PARK, NY US","2017-07-26","0.00","0.0","0.0",,"77","65"
"USW00094728","NY CITY CENTRAL PARK, NY US","2017-07-27","0.00","0.0","0.0",,"78","65"
"USW00094728","NY CITY CENTRAL PARK, NY US","2017-07-28","0.00","0.0","0.0",,"85","71"
"USW00094728","NY CITY CENTRAL PARK, NY US","2017-07-29","0.00","0.0","0.0",,"77","67"
"USW00094728","NY CITY CENTRAL PARK, NY US","2017-07-30","0.00","0.0","0.0",,"82","64"
"USW00094728","NY CITY CENTRAL PARK, NY US","2017-07-31","0.00","0.0","0.0",,"88","66"
"USW00094728","NY CITY CENTRAL PARK, NY US","2017-08-01","0.00","0.0","0.0",,"92","71"
